,school,school,sex,sex,age,age,address,address,famsize,famsize,Pstatus,Pstatus,Medu,Medu,Fedu,Fedu,Mjob,Mjob,Fjob,Fjob,reason,reason,guardian,guardian,traveltime,traveltime,studytime,studytime,failures,failures,schoolsup,schoolsup,famsup,famsup,paid,paid,activities,activities,nursery,nursery,higher,higher,internet,internet,romantic,romantic,famrel,famrel,freetime,freetime,goout,goout,Dalc,Dalc,Walc,Walc,health,health,absences,absences,G1,G1,G2,G2,G3,G3
,self,other,self,other,self,other,self,other,self,other,self,other,self,other,self,other,self,other,self,other,self,other,self,other,self,other,self,other,self,other,self,other,self,other,self,other,self,other,self,other,self,other,self,other,self,other,self,other,self,other,self,other,self,other,self,other,self,other,self,other,self,other,self,other,self,other
0,GP,GP,F,F,15,15,R,R,GT3,GT3,T,T,1,1,1,1,at_home,at_home,other,other,home,home,mother,mother,2,2,4,4,1,1,yes,True,yes,True,yes,True,yes,True,yes,True,yes,True,yes,True,no,False,3,3,1,1,2,2,1,1,1,1,1,1,2,2,7,7,10,10,10,10
1,GP,GP,F,F,15,15,R,R,GT3,GT3,T,T,1,1,1,1,other,other,other,other,reputation,reputation,mother,mother,1,1,2,2,2,2,yes,True,yes,True,no,False,no,False,no,False,yes,True,yes,True,yes,True,3,3,3,3,4,4,2,2,4,4,5,5,2,2,8,8,6,6,5,5
2,GP,GP,F,F,15,15,R,R,GT3,GT3,T,T,2,2,2,2,at_home,at_home,other,other,reputation,reputation,mother,mother,1,1,1,1,0,0,yes,True,yes,True,yes,True,yes,True,yes,True,yes,True,no,False,no,False,4,4,3,3,1,1,1,1,1,1,2,2,8,8,14,14,13,13,13,13
3,GP,GP,F,F,15,15,R,R,GT3,GT3,T,T,2,2,4,4,services,services,health,health,course,course,mother,mother,1,1,3,3,0,0,yes,True,yes,True,yes,True,yes,True,yes,True,yes,True,yes,True,no,False,4,4,3,3,2,2,1,1,1,1,5,5,2,2,10,10,9,9,8,8
4,GP,GP,F,F,15,15,R,R,GT3,GT3,T,T,3,3,3,3,services,services,services,services,reputation,reputation,other,other,2,2,3,3,2,2,no,False,yes,True,yes,True,yes,True,yes,True,yes,True,yes,True,yes,True,4,4,2,2,1,1,2,2,3,3,3,3,8,8,10,10,10,10,10,10
5,GP,GP,F,F,15,15,R,R,GT3,GT3,T,T,3,3,4,4,services,services,health,health,course,course,mother,mother,1,1,3,3,0,0,yes,True,yes,True,yes,True,yes,True,yes,True,yes,True,yes,True,no,False,4,4,3,3,2,2,1,1,1,1,5,5,2,2,12,12,12,12,11,11
6,GP,GP,F,F,15,15,R,R,GT3,GT3,T,T,3,3,4,4,services,services,teacher,teacher,course,course,father,father,2,2,3,3,2,2,no,False,yes,True,no,False,no,False,yes,True,yes,True,yes,True,yes,True,4,4,2,2,2,2,2,2,2,2,5,5,0,0,12,12,0,0,0,0
7,GP,GP,F,F,15,15,R,R,LE3,LE3,T,T,2,2,2,2,health,health,services,services,reputation,reputation,mother,mother,2,2,2,2,0,0,yes,True,yes,True,yes,True,no,False,yes,True,yes,True,yes,True,no,False,4,4,1,1,3,3,1,1,3,3,4,4,2,2,8,8,9,9,8,8
8,GP,GP,F,F,15,15,R,R,LE3,LE3,T,T,3,3,1,1,other,other,other,other,reputation,reputation,father,father,2,2,4,4,0,0,no,False,yes,True,no,False,no,False,no,False,yes,True,yes,True,no,False,4,4,4,4,2,2,2,2,3,3,3,3,12,12,16,16,16,16,16,16
9,GP,GP,F,F,15,15,U,U,GT3,GT3,A,A,3,3,3,3,other,other,health,health,reputation,reputation,father,father,1,1,4,4,0,0,yes,True,no,False,no,False,no,False,yes,True,yes,True,no,False,no,False,4,4,3,3,3,3,1,1,1,1,4,4,10,10,10,10,11,11,11,11
10,GP,GP,F,F,15,15,U,U,GT3,GT3,A,A,4,4,3,3,services,services,services,services,reputation,reputation,mother,mother,1,1,2,2,0,0,no,False,yes,True,yes,True,yes,True,yes,True,yes,True,yes,True,no,False,4,4,3,3,2,2,1,1,1,1,1,1,0,0,14,14,15,15,15,15
11,GP,GP,F,F,15,15,U,U,GT3,GT3,T,T,1,1,1,1,at_home,at_home,other,other,course,course,mother,mother,3,3,1,1,0,0,no,False,yes,True,no,False,yes,True,no,False,yes,True,yes,True,yes,True,4,4,3,3,3,3,1,1,2,2,4,4,0,0,8,8,0,0,0,0
12,GP,GP,F,F,15,15,U,U,GT3,GT3,T,T,1,1,1,1,other,other,other,other,home,home,father,father,1,1,2,2,0,0,no,False,yes,True,no,False,yes,True,no,False,yes,True,yes,True,no,False,4,4,3,3,2,2,2,2,3,3,4,4,2,2,9,9,10,10,10,10
13,GP,GP,F,F,15,15,U,U,GT3,GT3,T,T,1,1,1,1,other,other,services,services,course,course,father,father,1,1,2,2,0,0,no,False,yes,True,yes,True,no,False,yes,True,yes,True,yes,True,no,False,4,4,4,4,2,2,1,1,2,2,5,5,0,0,8,8,11,11,11,11
14,GP,GP,F,F,15,15,U,U,GT3,GT3,T,T,1,1,2,2,at_home,at_home,other,other,course,course,mother,mother,1,1,2,2,0,0,no,False,yes,True,yes,True,no,False,no,False,yes,True,yes,True,no,False,4,4,3,3,2,2,1,1,1,1,5,5,2,2,10,10,11,11,11,11
15,GP,GP,F,F,15,15,U,U,GT3,GT3,T,T,1,1,2,2,at_home,at_home,services,services,course,course,mother,mother,1,1,2,2,0,0,no,False,no,False,no,False,no,False,no,False,yes,True,yes,True,no,False,3,3,2,2,3,3,1,1,2,2,1,1,2,2,16,16,15,15,15,15
16,GP,GP,F,F,15,15,U,U,GT3,GT3,T,T,2,2,1,1,services,services,other,other,reputation,reputation,father,father,3,3,3,3,0,0,no,False,yes,True,no,False,yes,True,yes,True,yes,True,yes,True,no,False,5,5,2,2,2,2,1,1,1,1,4,4,4,4,10,10,12,12,12,12
17,GP,GP,F,F,15,15,U,U,GT3,GT3,T,T,2,2,2,2,other,other,other,other,course,course,mother,mother,1,1,4,4,0,0,yes,True,yes,True,yes,True,no,False,yes,True,yes,True,yes,True,no,False,5,5,1,1,2,2,1,1,1,1,3,3,8,8,7,7,8,8,8,8
18,GP,GP,F,F,15,15,U,U,GT3,GT3,T,T,2,2,3,3,other,other,other,other,other,other,father,father,2,2,1,1,0,0,no,False,yes,True,no,False,yes,True,yes,True,yes,True,no,False,no,False,3,3,5,5,1,1,1,1,1,1,5,5,0,0,8,8,7,7,6,6
19,GP,GP,F,F,15,15,U,U,GT3,GT3,T,T,3,3,2,2,health,health,services,services,home,home,father,father,1,1,2,2,3,3,no,False,yes,True,no,False,no,False,yes,True,yes,True,yes,True,no,False,3,3,3,3,2,2,1,1,1,1,3,3,0,0,6,6,7,7,0,0
20,GP,GP,F,F,15,15,U,U,GT3,GT3,T,T,3,3,2,2,services,services,other,other,home,home,mother,mother,2,2,2,2,0,0,yes,True,yes,True,yes,True,no,False,yes,True,yes,True,yes,True,no,False,4,4,3,3,5,5,1,1,1,1,2,2,26,26,7,7,6,6,6,6
21,GP,GP,F,F,15,15,U,U,GT3,GT3,T,T,4,4,2,2,health,health,services,services,home,home,mother,mother,1,1,3,3,0,0,no,False,yes,True,yes,True,yes,True,yes,True,yes,True,yes,True,yes,True,3,3,2,2,2,2,1,1,1,1,5,5,2,2,15,15,14,14,15,15
22,GP,GP,F,F,15,15,U,U,GT3,GT3,T,T,4,4,2,2,other,other,other,other,reputation,reputation,mother,mother,1,1,3,3,0,0,no,False,yes,True,no,False,yes,True,yes,True,yes,True,yes,True,no,False,5,5,3,3,3,3,1,1,3,3,1,1,4,4,13,13,14,14,14,14
23,GP,GP,F,F,15,15,U,U,GT3,GT3,T,T,4,4,3,3,services,services,other,other,reputation,reputation,mother,mother,1,1,1,1,0,0,no,False,no,False,yes,True,yes,True,yes,True,yes,True,yes,True,no,False,4,4,5,5,5,5,1,1,3,3,1,1,4,4,16,16,17,17,18,18
24,GP,GP,F,F,15,15,U,U,GT3,GT3,T,T,4,4,4,4,services,services,at_home,at_home,course,course,mother,mother,1,1,3,3,0,0,no,False,yes,True,no,False,yes,True,yes,True,yes,True,yes,True,yes,True,4,4,3,3,3,3,1,1,1,1,5,5,0,0,11,11,0,0,0,0
25,GP,GP,F,F,15,15,U,U,GT3,GT3,T,T,4,4,4,4,services,services,services,services,course,course,mother,mother,1,1,1,1,0,0,yes,True,yes,True,yes,True,no,False,yes,True,yes,True,yes,True,no,False,3,3,3,3,4,4,2,2,3,3,5,5,0,0,8,8,10,10,11,11
26,GP,GP,F,F,15,15,U,U,GT3,GT3,T,T,4,4,4,4,services,services,services,services,reputation,reputation,father,father,2,2,2,2,2,2,no,False,no,False,yes,True,no,False,yes,True,yes,True,yes,True,yes,True,4,4,4,4,4,4,2,2,3,3,5,5,6,6,7,7,9,9,8,8
27,GP,GP,F,F,15,15,U,U,GT3,GT3,T,T,4,4,4,4,services,services,teacher,teacher,other,other,father,father,1,1,2,2,1,1,yes,True,yes,True,no,False,yes,True,no,False,yes,True,yes,True,no,False,4,4,4,4,4,4,1,1,1,1,3,3,2,2,7,7,7,7,7,7
28,GP,GP,F,F,15,15,U,U,GT3,GT3,T,T,4,4,4,4,teacher,teacher,health,health,reputation,reputation,mother,mother,1,1,2,2,0,0,no,False,yes,True,yes,True,no,False,yes,True,yes,True,yes,True,no,False,3,3,3,3,3,3,1,1,2,2,2,2,0,0,10,10,8,8,9,9
29,GP,GP,F,F,15,15,U,U,GT3,GT3,T,T,4,4,4,4,teacher,teacher,services,services,course,course,mother,mother,1,1,3,3,0,0,no,False,yes,True,yes,True,yes,True,yes,True,yes,True,yes,True,no,False,4,4,2,2,2,2,1,1,1,1,5,5,2,2,9,9,11,11,11,11
30,GP,GP,F,F,15,15,U,U,GT3,GT3,T,T,4,4,4,4,teacher,teacher,teacher,teacher,course,course,mother,mother,2,2,1,1,0,0,no,False,no,False,no,False,yes,True,yes,True,yes,True,yes,True,no,False,4,4,3,3,2,2,1,1,1,1,5,5,0,0,16,16,16,16,15,15
31,GP,GP,F,F,15,15,U,U,LE3,LE3,A,A,3,3,3,3,other,other,other,other,other,other,mother,mother,1,1,1,1,0,0,no,False,no,False,yes,True,no,False,yes,True,yes,True,yes,True,no,False,5,5,3,3,4,4,4,4,4,4,1,1,6,6,10,10,13,13,13,13
32,GP,GP,F,F,15,15,U,U,LE3,LE3,A,A,3,3,4,4,other,other,other,other,home,home,mother,mother,1,1,2,2,0,0,yes,True,no,False,no,False,yes,True,yes,True,yes,True,yes,True,yes,True,5,5,3,3,2,2,1,1,1,1,1,1,0,0,7,7,10,10,11,11
33,GP,GP,F,F,15,15,U,U,LE3,LE3,A,A,4,4,3,3,other,other,other,other,course,course,mother,mother,1,1,2,2,0,0,yes,True,yes,True,yes,True,yes,True,yes,True,yes,True,yes,True,yes,True,5,5,2,2,2,2,1,1,1,1,5,5,8,8,8,8,8,8,6,6
34,GP,GP,F,F,15,15,U,U,LE3,LE3,T,T,1,1,1,1,at_home,at_home,other,other,other,other,mother,mother,1,1,2,2,3,3,yes,True,no,False,yes,True,no,False,yes,True,yes,True,yes,True,no,False,4,4,3,3,2,2,2,2,3,3,3,3,10,10,7,7,8,8,10,10
35,GP,GP,F,F,15,15,U,U,LE3,LE3,T,T,3,3,2,2,services,services,other,other,reputation,reputation,mother,mother,1,1,2,2,0,0,no,False,yes,True,yes,True,no,False,yes,True,yes,True,yes,True,no,False,4,4,4,4,4,4,1,1,1,1,5,5,10,10,7,7,6,6,6,6
36,GP,GP,F,F,15,15,U,U,LE3,LE3,T,T,4,4,2,2,health,health,other,other,other,other,mother,mother,1,1,2,2,0,0,no,False,yes,True,yes,True,no,False,yes,True,yes,True,yes,True,no,False,4,4,3,3,3,3,1,1,1,1,5,5,2,2,11,11,13,13,13,13
37,GP,GP,F,F,15,15,U,U,LE3,LE3,T,T,4,4,3,3,services,services,services,services,reputation,reputation,father,father,1,1,2,2,0,0,yes,True,no,False,no,False,yes,True,yes,True,yes,True,yes,True,yes,True,4,4,4,4,4,4,2,2,4,4,2,2,0,0,10,10,10,10,10,10
38,GP,GP,F,F,16,16,R,R,GT3,GT3,T,T,2,2,2,2,services,services,services,services,reputation,reputation,mother,mother,2,2,4,4,0,0,no,False,yes,True,yes,True,yes,True,no,False,yes,True,yes,True,no,False,5,5,3,3,5,5,1,1,1,1,5,5,6,6,10,10,10,10,11,11
39,GP,GP,F,F,16,16,R,R,GT3,GT3,T,T,3,3,3,3,services,services,other,other,reputation,reputation,father,father,1,1,3,3,1,1,yes,True,yes,True,no,False,yes,True,yes,True,yes,True,yes,True,no,False,4,4,1,1,2,2,1,1,1,1,2,2,0,0,7,7,10,10,10,10
40,GP,GP,F,F,16,16,R,R,GT3,GT3,T,T,4,4,4,4,health,health,teacher,teacher,other,other,mother,mother,1,1,2,2,0,0,no,False,yes,True,no,False,yes,True,yes,True,yes,True,no,False,no,False,2,2,4,4,4,4,2,2,3,3,4,4,6,6,10,10,11,11,11,11
41,GP,GP,F,F,16,16,U,U,GT3,GT3,A,A,2,2,1,1,other,other,other,other,other,other,mother,mother,1,1,2,2,0,0,no,False,no,False,yes,True,yes,True,yes,True,yes,True,yes,True,yes,True,5,5,3,3,4,4,1,1,1,1,2,2,8,8,8,8,9,9,10,10
42,GP,GP,F,F,16,16,U,U,GT3,GT3,A,A,2,2,2,2,other,other,other,other,reputation,reputation,mother,mother,1,1,2,2,0,0,yes,True,yes,True,yes,True,no,False,yes,True,yes,True,yes,True,no,False,3,3,3,3,4,4,1,1,1,1,4,4,0,0,12,12,13,13,14,14
43,GP,GP,F,F,16,16,U,U,GT3,GT3,A,A,3,3,1,1,services,services,other,other,course,course,mother,mother,1,1,2,2,3,3,no,False,yes,True,yes,True,no,False,yes,True,yes,True,yes,True,no,False,2,2,3,3,3,3,2,2,2,2,4,4,5,5,7,7,7,7,7,7
44,GP,GP,F,F,16,16,U,U,GT3,GT3,A,A,3,3,3,3,other,other,other,other,course,course,other,other,2,2,1,1,2,2,no,False,yes,True,no,False,yes,True,no,False,yes,True,yes,True,yes,True,4,4,3,3,2,2,1,1,1,1,5,5,0,0,4,4,0,0,0,0
45,GP,GP,F,F,16,16,U,U,GT3,GT3,A,A,3,3,4,4,services,services,other,other,course,course,father,father,1,1,1,1,0,0,no,False,no,False,no,False,no,False,yes,True,yes,True,yes,True,no,False,3,3,2,2,1,1,1,1,4,4,5,5,16,16,12,12,11,11,11,11
46,GP,GP,F,F,16,16,U,U,GT3,GT3,T,T,1,1,1,1,at_home,at_home,other,other,home,home,mother,mother,2,2,1,1,0,0,no,False,yes,True,yes,True,no,False,yes,True,yes,True,no,False,no,False,4,4,3,3,2,2,1,1,4,4,5,5,6,6,9,9,9,9,10,10
47,GP,GP,F,F,16,16,U,U,GT3,GT3,T,T,1,1,1,1,services,services,services,services,course,course,father,father,4,4,1,1,0,0,yes,True,yes,True,no,False,yes,True,no,False,yes,True,yes,True,yes,True,5,5,5,5,5,5,5,5,5,5,5,5,6,6,10,10,8,8,11,11
48,GP,GP,F,F,16,16,U,U,GT3,GT3,T,T,1,1,3,3,at_home,at_home,services,services,home,home,mother,mother,1,1,2,2,3,3,no,False,no,False,no,False,yes,True,no,False,yes,True,yes,True,yes,True,4,4,3,3,5,5,1,1,1,1,3,3,0,0,8,8,7,7,0,0
49,GP,GP,F,F,16,16,U,U,GT3,GT3,T,T,2,2,1,1,other,other,other,other,course,course,mother,mother,1,1,2,2,0,0,no,False,yes,True,yes,True,no,False,yes,True,yes,True,no,False,yes,True,4,4,3,3,5,5,1,1,1,1,5,5,2,2,8,8,9,9,10,10
50,GP,GP,F,F,16,16,U,U,GT3,GT3,T,T,2,2,1,1,other,other,other,other,home,home,mother,mother,1,1,1,1,0,0,no,False,no,False,no,False,no,False,yes,True,yes,True,yes,True,yes,True,4,4,5,5,2,2,1,1,1,1,5,5,20,20,13,13,12,12,12,12
51,GP,GP,F,F,16,16,U,U,GT3,GT3,T,T,2,2,2,2,at_home,at_home,other,other,home,home,mother,mother,1,1,2,2,1,1,yes,True,no,False,no,False,yes,True,yes,True,yes,True,yes,True,no,False,3,3,1,1,2,2,1,1,1,1,5,5,6,6,10,10,13,13,13,13
52,GP,GP,F,F,16,16,U,U,GT3,GT3,T,T,2,2,2,2,other,other,other,other,home,home,mother,mother,1,1,2,2,0,0,no,False,no,False,yes,True,no,False,yes,True,yes,True,yes,True,yes,True,5,5,4,4,4,4,1,1,1,1,5,5,0,0,8,8,7,7,8,8
53,GP,GP,F,F,16,16,U,U,GT3,GT3,T,T,2,2,2,2,other,other,other,other,home,home,mother,mother,1,1,2,2,0,0,no,False,yes,True,yes,True,no,False,no,False,yes,True,yes,True,no,False,5,5,1,1,5,5,1,1,1,1,4,4,0,0,6,6,7,7,0,0
54,GP,GP,F,F,16,16,U,U,GT3,GT3,T,T,2,2,2,2,other,other,other,other,reputation,reputation,mother,mother,1,1,4,4,0,0,no,False,no,False,yes,True,no,False,yes,True,yes,True,yes,True,yes,True,5,5,2,2,3,3,1,1,3,3,3,3,0,0,11,11,11,11,11,11
55,GP,GP,F,F,16,16,U,U,GT3,GT3,T,T,2,2,2,2,services,services,other,other,reputation,reputation,mother,mother,2,2,2,2,0,0,no,False,no,False,yes,True,yes,True,no,False,yes,True,yes,True,no,False,3,3,4,4,4,4,1,1,4,4,5,5,2,2,13,13,13,13,11,11
56,GP,GP,F,F,16,16,U,U,GT3,GT3,T,T,2,2,2,2,services,services,services,services,home,home,mother,mother,1,1,1,1,2,2,no,False,yes,True,yes,True,no,False,no,False,yes,True,yes,True,no,False,1,1,2,2,2,2,1,1,3,3,5,5,14,14,6,6,9,9,8,8
57,GP,GP,F,F,16,16,U,U,GT3,GT3,T,T,2,2,3,3,other,other,other,other,reputation,reputation,mother,mother,1,1,2,2,0,0,yes,True,yes,True,yes,True,yes,True,yes,True,yes,True,no,False,no,False,4,4,4,4,3,3,1,1,3,3,4,4,6,6,8,8,10,10,10,10
58,GP,GP,F,F,16,16,U,U,GT3,GT3,T,T,2,2,3,3,services,services,services,services,course,course,mother,mother,1,1,2,2,0,0,no,False,no,False,no,False,no,False,yes,True,yes,True,yes,True,no,False,4,4,3,3,3,3,1,1,1,1,2,2,10,10,11,11,12,12,13,13
59,GP,GP,F,F,16,16,U,U,GT3,GT3,T,T,2,2,3,3,services,services,teacher,teacher,other,other,mother,mother,1,1,2,2,0,0,yes,True,no,False,no,False,no,False,yes,True,yes,True,yes,True,no,False,2,2,3,3,1,1,1,1,1,1,3,3,2,2,16,16,16,16,17,17
60,GP,GP,F,F,16,16,U,U,GT3,GT3,T,T,3,3,1,1,services,services,other,other,course,course,mother,mother,1,1,4,4,0,0,yes,True,yes,True,yes,True,no,False,yes,True,yes,True,yes,True,no,False,4,4,3,3,3,3,1,1,2,2,5,5,4,4,7,7,7,7,6,6
61,GP,GP,F,F,16,16,U,U,GT3,GT3,T,T,3,3,2,2,other,other,other,other,reputation,reputation,mother,mother,1,1,2,2,0,0,no,False,yes,True,yes,True,no,False,yes,True,yes,True,yes,True,no,False,1,1,2,2,2,2,1,1,2,2,1,1,14,14,12,12,13,13,12,12
62,GP,GP,F,F,16,16,U,U,GT3,GT3,T,T,3,3,3,3,other,other,other,other,home,home,father,father,1,1,2,2,0,0,no,False,yes,True,yes,True,no,False,yes,True,yes,True,no,False,no,False,4,4,3,3,2,2,1,1,2,2,5,5,4,4,6,6,10,10,10,10
63,GP,GP,F,F,16,16,U,U,GT3,GT3,T,T,3,3,3,3,other,other,other,other,home,home,mother,mother,1,1,3,3,0,0,no,False,yes,True,yes,True,no,False,yes,True,yes,True,yes,True,yes,True,4,4,3,3,3,3,1,1,3,3,4,4,0,0,7,7,7,7,8,8
64,GP,GP,F,F,16,16,U,U,GT3,GT3,T,T,3,3,3,3,other,other,other,other,reputation,reputation,mother,mother,3,3,2,2,0,0,yes,True,yes,True,no,False,yes,True,yes,True,yes,True,no,False,no,False,5,5,3,3,2,2,1,1,1,1,4,4,4,4,8,8,10,10,10,10
65,GP,GP,F,F,16,16,U,U,GT3,GT3,T,T,3,3,3,3,other,other,services,services,home,home,mother,mother,1,1,2,2,0,0,yes,True,yes,True,yes,True,yes,True,yes,True,yes,True,yes,True,no,False,4,4,3,3,3,3,2,2,4,4,5,5,54,54,11,11,12,12,11,11
66,GP,GP,F,F,16,16,U,U,GT3,GT3,T,T,3,3,4,4,at_home,at_home,other,other,course,course,mother,mother,1,1,2,2,0,0,no,False,yes,True,no,False,no,False,yes,True,yes,True,yes,True,no,False,2,2,4,4,3,3,1,1,2,2,3,3,12,12,5,5,5,5,5,5
67,GP,GP,F,F,16,16,U,U,GT3,GT3,T,T,4,4,2,2,health,health,services,services,home,home,father,father,1,1,2,2,0,0,no,False,no,False,yes,True,no,False,yes,True,yes,True,yes,True,yes,True,4,4,2,2,3,3,1,1,1,1,3,3,0,0,14,14,15,15,16,16
68,GP,GP,F,F,16,16,U,U,GT3,GT3,T,T,4,4,2,2,services,services,other,other,course,course,mother,mother,1,1,2,2,0,0,no,False,yes,True,no,False,no,False,yes,True,yes,True,yes,True,no,False,4,4,2,2,3,3,1,1,1,1,5,5,2,2,15,15,16,16,16,16
69,GP,GP,F,F,16,16,U,U,GT3,GT3,T,T,4,4,2,2,teacher,teacher,services,services,home,home,mother,mother,2,2,2,2,0,0,no,False,yes,True,yes,True,yes,True,yes,True,yes,True,yes,True,no,False,5,5,3,3,3,3,1,1,1,1,1,1,0,0,11,11,10,10,10,10
70,GP,GP,F,F,16,16,U,U,GT3,GT3,T,T,4,4,3,3,health,health,other,other,home,home,mother,mother,1,1,2,2,0,0,no,False,yes,True,no,False,yes,True,yes,True,yes,True,yes,True,no,False,4,4,3,3,5,5,1,1,5,5,2,2,2,2,16,16,16,16,16,16
71,GP,GP,F,F,16,16,U,U,GT3,GT3,T,T,4,4,3,3,other,other,at_home,at_home,course,course,mother,mother,1,1,3,3,0,0,yes,True,yes,True,yes,True,no,False,yes,True,yes,True,yes,True,no,False,5,5,3,3,5,5,1,1,1,1,3,3,0,0,7,7,9,9,8,8
72,GP,GP,F,F,16,16,U,U,GT3,GT3,T,T,4,4,3,3,teacher,teacher,health,health,home,home,mother,mother,1,1,3,3,0,0,yes,True,yes,True,yes,True,yes,True,yes,True,yes,True,yes,True,no,False,3,3,4,4,4,4,2,2,4,4,4,4,2,2,10,10,9,9,9,9
73,GP,GP,F,F,16,16,U,U,GT3,GT3,T,T,4,4,3,3,teacher,teacher,other,other,other,other,mother,mother,1,1,2,2,0,0,no,False,no,False,yes,True,yes,True,yes,True,yes,True,yes,True,yes,True,1,1,3,3,2,2,1,1,1,1,1,1,10,10,11,11,12,12,13,13
74,GP,GP,F,F,16,16,U,U,GT3,GT3,T,T,4,4,4,4,health,health,health,health,reputation,reputation,mother,mother,1,1,2,2,0,0,no,False,yes,True,yes,True,no,False,yes,True,yes,True,yes,True,yes,True,4,4,4,4,2,2,1,1,1,1,3,3,0,0,14,14,14,14,14,14
75,GP,GP,F,F,16,16,U,U,GT3,GT3,T,T,4,4,4,4,health,health,other,other,home,home,mother,mother,1,1,1,1,0,0,no,False,yes,True,no,False,no,False,yes,True,yes,True,yes,True,no,False,4,4,4,4,4,4,1,1,2,2,2,2,4,4,14,14,14,14,14,14
76,GP,GP,F,F,16,16,U,U,GT3,GT3,T,T,4,4,4,4,other,other,other,other,reputation,reputation,mother,mother,1,1,1,1,0,0,no,False,no,False,no,False,yes,True,no,False,yes,True,yes,True,no,False,5,5,3,3,4,4,1,1,2,2,1,1,6,6,11,11,14,14,14,14
77,GP,GP,F,F,16,16,U,U,GT3,GT3,T,T,4,4,4,4,services,services,services,services,reputation,reputation,mother,mother,1,1,3,3,0,0,no,False,yes,True,yes,True,yes,True,yes,True,yes,True,yes,True,no,False,3,3,2,2,3,3,1,1,2,2,2,2,6,6,13,13,14,14,14,14
78,GP,GP,F,F,16,16,U,U,GT3,GT3,T,T,4,4,4,4,teacher,teacher,services,services,home,home,mother,mother,1,1,3,3,0,0,no,False,yes,True,no,False,yes,True,no,False,yes,True,yes,True,no,False,5,5,3,3,2,2,1,1,1,1,5,5,0,0,13,13,13,13,14,14
79,GP,GP,F,F,16,16,U,U,LE3,LE3,A,A,3,3,3,3,other,other,services,services,home,home,mother,mother,1,1,2,2,0,0,no,False,yes,True,no,False,no,False,yes,True,yes,True,yes,True,no,False,2,2,3,3,5,5,1,1,4,4,3,3,12,12,11,11,12,12,11,11
80,GP,GP,F,F,16,16,U,U,LE3,LE3,T,T,1,1,1,1,at_home,at_home,at_home,at_home,course,course,mother,mother,1,1,1,1,0,0,no,False,no,False,no,False,no,False,yes,True,yes,True,yes,True,no,False,3,3,4,4,4,4,3,3,3,3,1,1,2,2,14,14,14,14,13,13
81,GP,GP,F,F,16,16,U,U,LE3,LE3,T,T,1,1,2,2,other,other,services,services,reputation,reputation,father,father,1,1,2,2,0,0,yes,True,no,False,no,False,yes,True,yes,True,yes,True,yes,True,no,False,4,4,4,4,3,3,1,1,1,1,1,1,4,4,8,8,10,10,9,9
82,GP,GP,F,F,16,16,U,U,LE3,LE3,T,T,2,2,2,2,at_home,at_home,other,other,course,course,mother,mother,1,1,2,2,0,0,no,False,yes,True,no,False,no,False,yes,True,yes,True,no,False,no,False,4,4,3,3,4,4,1,1,2,2,2,2,4,4,8,8,7,7,6,6
83,GP,GP,F,F,16,16,U,U,LE3,LE3,T,T,2,2,2,2,other,other,at_home,at_home,course,course,father,father,2,2,2,2,1,1,yes,True,no,False,no,False,yes,True,yes,True,yes,True,yes,True,no,False,4,4,3,3,3,3,2,2,2,2,5,5,14,14,10,10,10,10,9,9
84,GP,GP,F,F,16,16,U,U,LE3,LE3,T,T,2,2,2,2,other,other,other,other,home,home,mother,mother,2,2,2,2,1,1,no,False,yes,True,no,False,yes,True,no,False,yes,True,yes,True,yes,True,3,3,3,3,3,3,1,1,2,2,3,3,25,25,7,7,10,10,11,11
85,GP,GP,F,F,16,16,U,U,LE3,LE3,T,T,2,2,2,2,services,services,services,services,course,course,mother,mother,3,3,2,2,0,0,no,False,yes,True,yes,True,no,False,yes,True,yes,True,yes,True,no,False,4,4,3,3,3,3,2,2,3,3,4,4,2,2,12,12,13,13,13,13
86,GP,GP,F,F,16,16,U,U,LE3,LE3,T,T,2,2,4,4,other,other,health,health,course,course,father,father,2,2,2,2,0,0,no,False,yes,True,yes,True,yes,True,yes,True,yes,True,yes,True,yes,True,4,4,2,2,2,2,1,1,2,2,5,5,2,2,13,13,13,13,13,13
87,GP,GP,F,F,16,16,U,U,LE3,LE3,T,T,3,3,1,1,other,other,other,other,home,home,father,father,1,1,2,2,0,0,yes,True,yes,True,no,False,no,False,yes,True,yes,True,no,False,no,False,3,3,3,3,3,3,2,2,3,3,2,2,4,4,7,7,6,6,6,6
88,GP,GP,F,F,16,16,U,U,LE3,LE3,T,T,3,3,3,3,other,other,other,other,reputation,reputation,mother,mother,2,2,2,2,0,0,no,False,yes,True,yes,True,yes,True,yes,True,yes,True,yes,True,no,False,4,4,4,4,5,5,1,1,1,1,4,4,4,4,10,10,11,11,9,9
89,GP,GP,F,F,16,16,U,U,LE3,LE3,T,T,4,4,3,3,teacher,teacher,services,services,course,course,mother,mother,3,3,2,2,0,0,no,False,yes,True,no,False,yes,True,yes,True,yes,True,yes,True,no,False,5,5,4,4,3,3,1,1,2,2,1,1,2,2,16,16,15,15,15,15
90,GP,GP,F,F,16,16,U,U,LE3,LE3,T,T,4,4,4,4,health,health,health,health,other,other,mother,mother,1,1,3,3,0,0,no,False,yes,True,yes,True,yes,True,yes,True,yes,True,yes,True,yes,True,5,5,4,4,5,5,1,1,1,1,4,4,4,4,14,14,15,15,16,16
91,GP,GP,F,F,16,16,U,U,LE3,LE3,T,T,4,4,4,4,teacher,teacher,teacher,teacher,reputation,reputation,mother,mother,1,1,2,2,0,0,no,False,yes,True,yes,True,no,False,yes,True,yes,True,yes,True,no,False,4,4,5,5,2,2,1,1,2,2,3,3,0,0,9,9,9,9,10,10
92,GP,GP,F,F,17,17,R,R,GT3,GT3,A,A,3,3,2,2,other,other,other,other,home,home,mother,mother,1,1,2,2,0,0,no,False,yes,True,yes,True,no,False,yes,True,yes,True,yes,True,no,False,4,4,3,3,3,3,2,2,3,3,2,2,4,4,9,9,10,10,10,10
93,GP,GP,F,F,17,17,R,R,GT3,GT3,T,T,2,2,1,1,at_home,at_home,services,services,course,course,mother,mother,3,3,2,2,0,0,no,False,no,False,no,False,yes,True,yes,True,yes,True,no,False,no,False,2,2,1,1,1,1,1,1,1,1,3,3,2,2,13,13,11,11,11,11
94,GP,GP,F,F,17,17,R,R,GT3,GT3,T,T,2,2,1,1,at_home,at_home,services,services,reputation,reputation,mother,mother,2,2,2,2,0,0,no,False,yes,True,no,False,yes,True,yes,True,yes,True,yes,True,no,False,4,4,2,2,5,5,1,1,2,2,5,5,2,2,6,6,6,6,6,6
95,GP,GP,F,F,17,17,R,R,GT3,GT3,T,T,2,2,2,2,other,other,other,other,reputation,reputation,mother,mother,1,1,1,1,0,0,no,False,yes,True,no,False,no,False,yes,True,yes,True,yes,True,no,False,5,5,3,3,2,2,1,1,2,2,3,3,18,18,7,7,6,6,6,6
96,GP,GP,F,F,17,17,R,R,GT3,GT3,T,T,2,2,4,4,at_home,at_home,other,other,course,course,father,father,1,1,3,3,0,0,no,False,yes,True,no,False,no,False,yes,True,yes,True,yes,True,yes,True,4,4,4,4,3,3,1,1,1,1,5,5,7,7,12,12,14,14,14,14
97,GP,GP,F,F,17,17,R,R,GT3,GT3,T,T,3,3,4,4,at_home,at_home,services,services,course,course,father,father,1,1,3,3,0,0,no,False,yes,True,yes,True,yes,True,no,False,yes,True,yes,True,no,False,4,4,3,3,4,4,2,2,5,5,5,5,0,0,11,11,11,11,10,10
98,GP,GP,F,F,17,17,R,R,GT3,GT3,T,T,4,4,3,3,teacher,teacher,other,other,reputation,reputation,mother,mother,2,2,3,3,0,0,no,False,yes,True,yes,True,yes,True,yes,True,yes,True,yes,True,yes,True,4,4,4,4,2,2,1,1,1,1,4,4,6,6,7,7,7,7,7,7
99,GP,GP,F,F,17,17,R,R,LE3,LE3,T,T,2,2,2,2,services,services,services,services,course,course,mother,mother,1,1,3,3,0,0,no,False,yes,True,yes,True,yes,True,yes,True,yes,True,yes,True,no,False,3,3,3,3,2,2,2,2,2,2,3,3,3,3,11,11,11,11,11,11
100,GP,GP,F,F,17,17,R,R,LE3,LE3,T,T,3,3,1,1,services,services,other,other,reputation,reputation,mother,mother,2,2,4,4,0,0,no,False,yes,True,yes,True,no,False,yes,True,yes,True,no,False,no,False,3,3,1,1,2,2,1,1,1,1,3,3,6,6,18,18,18,18,18,18
101,GP,GP,F,F,17,17,R,R,LE3,LE3,T,T,4,4,4,4,services,services,other,other,other,other,mother,mother,1,1,1,1,0,0,no,False,yes,True,yes,True,no,False,yes,True,yes,True,no,False,no,False,5,5,2,2,1,1,1,1,2,2,3,3,12,12,8,8,10,10,10,10
102,GP,GP,F,F,17,17,U,U,GT3,GT3,A,A,2,2,1,1,other,other,other,other,course,course,mother,mother,2,2,3,3,0,0,no,False,no,False,no,False,yes,True,yes,True,yes,True,yes,True,yes,True,3,3,2,2,3,3,1,1,2,2,3,3,10,10,12,12,10,10,12,12
103,GP,GP,F,F,17,17,U,U,GT3,GT3,A,A,2,2,2,2,at_home,at_home,at_home,at_home,home,home,father,father,1,1,2,2,1,1,no,False,yes,True,no,False,no,False,yes,True,yes,True,yes,True,yes,True,3,3,3,3,1,1,1,1,2,2,4,4,0,0,9,9,8,8,0,0
104,GP,GP,F,F,17,17,U,U,GT3,GT3,A,A,3,3,3,3,health,health,other,other,reputation,reputation,mother,mother,1,1,2,2,0,0,no,False,yes,True,no,False,no,False,no,False,yes,True,yes,True,yes,True,3,3,3,3,3,3,1,1,3,3,3,3,6,6,8,8,7,7,9,9
105,GP,GP,F,F,17,17,U,U,GT3,GT3,A,A,4,4,3,3,services,services,services,services,course,course,mother,mother,1,1,2,2,0,0,no,False,yes,True,yes,True,no,False,yes,True,yes,True,yes,True,yes,True,5,5,2,2,2,2,1,1,2,2,5,5,23,23,13,13,13,13,13,13
106,GP,GP,F,F,17,17,U,U,GT3,GT3,A,A,4,4,4,4,other,other,teacher,teacher,home,home,mother,mother,2,2,2,2,0,0,yes,True,yes,True,no,False,no,False,yes,True,yes,True,no,False,no,False,4,4,1,1,4,4,1,1,1,1,1,1,6,6,6,6,5,5,6,6
107,GP,GP,F,F,17,17,U,U,GT3,GT3,T,T,1,1,1,1,at_home,at_home,other,other,course,course,father,father,1,1,2,2,0,0,no,False,yes,True,no,False,no,False,no,False,yes,True,yes,True,no,False,5,5,3,3,3,3,1,1,1,1,3,3,4,4,5,5,5,5,6,6
108,GP,GP,F,F,17,17,U,U,GT3,GT3,T,T,1,1,1,1,at_home,at_home,other,other,reputation,reputation,mother,mother,1,1,3,3,1,1,no,False,yes,True,no,False,yes,True,yes,True,yes,True,no,False,yes,True,4,4,3,3,4,4,1,1,1,1,5,5,0,0,6,6,5,5,0,0
109,GP,GP,F,F,17,17,U,U,GT3,GT3,T,T,1,1,1,1,at_home,at_home,services,services,course,course,mother,mother,1,1,2,2,0,0,no,False,no,False,no,False,yes,True,yes,True,yes,True,yes,True,no,False,5,5,3,3,3,3,1,1,1,1,3,3,0,0,8,8,8,8,9,9
110,GP,GP,F,F,17,17,U,U,GT3,GT3,T,T,1,1,1,1,other,other,other,other,course,course,mother,mother,1,1,2,2,0,0,no,False,yes,True,yes,True,no,False,no,False,yes,True,no,False,no,False,4,4,4,4,4,4,1,1,3,3,1,1,4,4,9,9,9,9,10,10
111,GP,GP,F,F,17,17,U,U,GT3,GT3,T,T,1,1,1,1,services,services,teacher,teacher,reputation,reputation,mother,mother,1,1,3,3,0,0,no,False,yes,True,yes,True,no,False,yes,True,yes,True,yes,True,no,False,4,4,3,3,3,3,1,1,1,1,3,3,6,6,13,13,12,12,12,12
112,GP,GP,F,F,17,17,U,U,GT3,GT3,T,T,2,2,2,2,at_home,at_home,at_home,at_home,course,course,mother,mother,1,1,3,3,0,0,no,False,yes,True,yes,True,yes,True,yes,True,yes,True,yes,True,no,False,4,4,3,3,3,3,1,1,1,1,4,4,4,4,9,9,10,10,10,10
113,GP,GP,F,F,17,17,U,U,GT3,GT3,T,T,2,2,2,2,other,other,other,other,course,course,mother,mother,1,1,2,2,0,0,no,False,yes,True,no,False,no,False,no,False,yes,True,yes,True,no,False,5,5,4,4,5,5,1,1,2,2,5,5,4,4,10,10,9,9,11,11
114,GP,GP,F,F,17,17,U,U,GT3,GT3,T,T,2,2,2,2,other,other,other,other,course,course,mother,mother,1,1,2,2,0,0,no,False,yes,True,no,False,no,False,yes,True,yes,True,no,False,yes,True,4,4,2,2,2,2,1,1,1,1,3,3,12,12,11,11,9,9,9,9
115,GP,GP,F,F,17,17,U,U,GT3,GT3,T,T,2,2,3,3,at_home,at_home,other,other,home,home,father,father,2,2,1,1,0,0,no,False,yes,True,yes,True,no,False,yes,True,yes,True,no,False,no,False,3,3,3,3,3,3,1,1,4,4,3,3,3,3,7,7,7,7,8,8
116,GP,GP,F,F,17,17,U,U,GT3,GT3,T,T,2,2,4,4,at_home,at_home,health,health,reputation,reputation,mother,mother,2,2,2,2,0,0,no,False,yes,True,yes,True,no,False,yes,True,yes,True,yes,True,yes,True,4,4,3,3,3,3,1,1,1,1,1,1,2,2,10,10,10,10,10,10
117,GP,GP,F,F,17,17,U,U,GT3,GT3,T,T,2,2,4,4,services,services,services,services,reputation,reputation,father,father,1,1,2,2,0,0,no,False,yes,True,no,False,yes,True,yes,True,yes,True,no,False,no,False,5,5,4,4,2,2,2,2,3,3,5,5,0,0,16,16,17,17,17,17
118,GP,GP,F,F,17,17,U,U,GT3,GT3,T,T,3,3,1,1,services,services,services,services,course,course,father,father,1,1,3,3,0,0,no,False,yes,True,no,False,no,False,no,False,yes,True,yes,True,no,False,3,3,4,4,3,3,2,2,3,3,5,5,1,1,12,12,14,14,15,15
119,GP,GP,F,F,17,17,U,U,GT3,GT3,T,T,3,3,2,2,health,health,health,health,reputation,reputation,father,father,1,1,4,4,0,0,no,False,yes,True,yes,True,yes,True,no,False,yes,True,yes,True,no,False,5,5,2,2,2,2,1,1,2,2,5,5,0,0,17,17,17,17,18,18
120,GP,GP,F,F,17,17,U,U,GT3,GT3,T,T,3,3,2,2,other,other,other,other,course,course,mother,mother,1,1,2,2,0,0,no,False,no,False,no,False,yes,True,no,False,yes,True,yes,True,no,False,5,5,3,3,4,4,1,1,3,3,3,3,10,10,16,16,15,15,15,15
121,GP,GP,F,F,17,17,U,U,GT3,GT3,T,T,3,3,2,2,other,other,other,other,home,home,mother,mother,1,1,2,2,0,0,no,False,yes,True,yes,True,no,False,yes,True,yes,True,yes,True,yes,True,4,4,3,3,2,2,2,2,3,3,2,2,0,0,7,7,8,8,0,0
122,GP,GP,F,F,17,17,U,U,GT3,GT3,T,T,3,3,3,3,other,other,other,other,home,home,mother,mother,1,1,3,3,0,0,no,False,no,False,no,False,yes,True,no,False,yes,True,no,False,no,False,3,3,2,2,3,3,1,1,1,1,4,4,4,4,10,10,9,9,9,9
123,GP,GP,F,F,17,17,U,U,GT3,GT3,T,T,3,3,4,4,at_home,at_home,services,services,home,home,mother,mother,1,1,3,3,1,1,no,False,yes,True,yes,True,no,False,yes,True,yes,True,yes,True,yes,True,4,4,4,4,3,3,3,3,4,4,5,5,28,28,10,10,9,9,9,9
124,GP,GP,F,F,17,17,U,U,GT3,GT3,T,T,3,3,4,4,services,services,other,other,course,course,mother,mother,1,1,3,3,0,0,no,False,no,False,no,False,no,False,yes,True,yes,True,yes,True,no,False,4,4,4,4,5,5,1,1,3,3,5,5,16,16,16,16,15,15,15,15
125,GP,GP,F,F,17,17,U,U,GT3,GT3,T,T,4,4,2,2,other,other,other,other,reputation,reputation,mother,mother,2,2,3,3,0,0,no,False,yes,True,yes,True,no,False,yes,True,yes,True,yes,True,no,False,4,4,3,3,3,3,1,1,1,1,3,3,0,0,15,15,12,12,14,14
126,GP,GP,F,F,17,17,U,U,GT3,GT3,T,T,4,4,3,3,health,health,other,other,reputation,reputation,mother,mother,1,1,3,3,0,0,no,False,yes,True,yes,True,yes,True,yes,True,yes,True,yes,True,yes,True,4,4,4,4,3,3,1,1,3,3,4,4,0,0,13,13,15,15,15,15
127,GP,GP,F,F,17,17,U,U,GT3,GT3,T,T,4,4,3,3,health,health,services,services,reputation,reputation,mother,mother,1,1,3,3,0,0,no,False,yes,True,yes,True,no,False,yes,True,yes,True,yes,True,no,False,4,4,2,2,2,2,1,1,2,2,3,3,0,0,15,15,15,15,15,15
128,GP,GP,F,F,17,17,U,U,GT3,GT3,T,T,4,4,3,3,other,other,other,other,reputation,reputation,mother,mother,1,1,2,2,2,2,no,False,no,False,yes,True,no,False,yes,True,yes,True,yes,True,yes,True,3,3,4,4,5,5,2,2,4,4,1,1,22,22,6,6,6,6,4,4
129,GP,GP,F,F,17,17,U,U,GT3,GT3,T,T,4,4,4,4,other,other,teacher,teacher,course,course,mother,mother,1,1,1,1,0,0,yes,True,yes,True,no,False,no,False,yes,True,yes,True,no,False,yes,True,4,4,2,2,1,1,1,1,1,1,4,4,0,0,11,11,11,11,12,12
130,GP,GP,F,F,17,17,U,U,GT3,GT3,T,T,4,4,4,4,services,services,teacher,teacher,home,home,mother,mother,2,2,1,1,1,1,no,False,yes,True,no,False,no,False,yes,True,yes,True,yes,True,no,False,4,4,2,2,4,4,2,2,3,3,2,2,24,24,18,18,18,18,18,18
131,GP,GP,F,F,17,17,U,U,GT3,GT3,T,T,4,4,4,4,teacher,teacher,services,services,course,course,mother,mother,1,1,3,3,0,0,no,False,yes,True,yes,True,yes,True,yes,True,yes,True,yes,True,no,False,5,5,4,4,4,4,1,1,3,3,4,4,7,7,10,10,9,9,9,9
132,GP,GP,F,F,17,17,U,U,GT3,GT3,T,T,4,4,4,4,teacher,teacher,teacher,teacher,course,course,mother,mother,2,2,3,3,0,0,no,False,yes,True,yes,True,no,False,no,False,yes,True,yes,True,yes,True,4,4,3,3,3,3,1,1,2,2,4,4,4,4,14,14,14,14,14,14
133,GP,GP,F,F,17,17,U,U,LE3,LE3,T,T,0,0,2,2,at_home,at_home,at_home,at_home,home,home,father,father,2,2,3,3,0,0,no,False,no,False,no,False,no,False,yes,True,yes,True,yes,True,no,False,3,3,3,3,3,3,2,2,3,3,2,2,0,0,16,16,15,15,15,15
134,GP,GP,F,F,17,17,U,U,LE3,LE3,T,T,2,2,2,2,other,other,other,other,course,course,father,father,1,1,1,1,0,0,no,False,yes,True,no,False,no,False,yes,True,yes,True,yes,True,yes,True,3,3,4,4,4,4,1,1,3,3,5,5,12,12,10,10,13,13,12,12
135,GP,GP,F,F,17,17,U,U,LE3,LE3,T,T,2,2,2,2,services,services,other,other,course,course,mother,mother,2,2,2,2,0,0,yes,True,yes,True,yes,True,no,False,yes,True,yes,True,yes,True,yes,True,4,4,4,4,4,4,2,2,3,3,5,5,6,6,12,12,12,12,12,12
136,GP,GP,F,F,17,17,U,U,LE3,LE3,T,T,2,2,2,2,services,services,services,services,course,course,father,father,1,1,4,4,0,0,no,False,no,False,yes,True,yes,True,yes,True,yes,True,yes,True,yes,True,3,3,4,4,1,1,1,1,1,1,2,2,0,0,10,10,9,9,0,0
137,GP,GP,F,F,17,17,U,U,LE3,LE3,T,T,2,2,4,4,services,services,services,services,course,course,father,father,1,1,2,2,0,0,no,False,no,False,no,False,yes,True,yes,True,yes,True,yes,True,yes,True,4,4,3,3,2,2,1,1,1,1,5,5,0,0,14,14,15,15,15,15
138,GP,GP,F,F,17,17,U,U,LE3,LE3,T,T,3,3,2,2,other,other,other,other,reputation,reputation,mother,mother,2,2,2,2,0,0,no,False,no,False,yes,True,no,False,yes,True,yes,True,yes,True,no,False,4,4,4,4,4,4,1,1,3,3,1,1,2,2,14,14,15,15,15,15
139,GP,GP,F,F,17,17,U,U,LE3,LE3,T,T,3,3,3,3,other,other,other,other,reputation,reputation,mother,mother,1,1,2,2,0,0,no,False,yes,True,no,False,yes,True,yes,True,yes,True,yes,True,yes,True,5,5,3,3,3,3,2,2,3,3,1,1,56,56,9,9,9,9,8,8
140,GP,GP,F,F,17,17,U,U,LE3,LE3,T,T,4,4,2,2,teacher,teacher,services,services,reputation,reputation,mother,mother,1,1,4,4,0,0,no,False,yes,True,yes,True,yes,True,yes,True,yes,True,yes,True,no,False,4,4,2,2,3,3,1,1,1,1,4,4,6,6,14,14,12,12,13,13
141,GP,GP,F,F,17,17,U,U,LE3,LE3,T,T,4,4,3,3,health,health,other,other,reputation,reputation,father,father,1,1,2,2,0,0,no,False,no,False,no,False,yes,True,yes,True,yes,True,yes,True,yes,True,3,3,2,2,3,3,1,1,2,2,3,3,14,14,13,13,13,13,14,14
142,GP,GP,F,F,18,18,R,R,GT3,GT3,A,A,3,3,2,2,other,other,services,services,home,home,mother,mother,2,2,2,2,0,0,no,False,no,False,no,False,no,False,no,False,no,False,yes,True,yes,True,4,4,1,1,1,1,1,1,1,1,5,5,75,75,10,10,9,9,9,9
143,GP,GP,F,F,18,18,R,R,GT3,GT3,T,T,1,1,1,1,at_home,at_home,other,other,course,course,mother,mother,3,3,1,1,3,3,no,False,yes,True,no,False,yes,True,no,False,yes,True,no,False,no,False,5,5,2,2,5,5,1,1,5,5,4,4,6,6,9,9,8,8,10,10
144,GP,GP,F,F,18,18,R,R,GT3,GT3,T,T,2,2,1,1,other,other,other,other,reputation,reputation,mother,mother,2,2,2,2,0,0,no,False,yes,True,no,False,no,False,yes,True,no,False,yes,True,yes,True,4,4,3,3,5,5,1,1,2,2,3,3,0,0,6,6,0,0,0,0
145,GP,GP,F,F,18,18,R,R,GT3,GT3,T,T,2,2,2,2,at_home,at_home,other,other,course,course,mother,mother,2,2,4,4,0,0,no,False,no,False,no,False,yes,True,yes,True,yes,True,no,False,no,False,4,4,4,4,4,4,1,1,1,1,4,4,0,0,10,10,9,9,0,0
146,GP,GP,F,F,18,18,R,R,GT3,GT3,T,T,3,3,1,1,other,other,other,other,reputation,reputation,mother,mother,1,1,2,2,1,1,no,False,no,False,no,False,yes,True,yes,True,yes,True,yes,True,yes,True,5,5,3,3,3,3,1,1,1,1,4,4,16,16,9,9,8,8,7,7
147,GP,GP,F,F,18,18,R,R,GT3,GT3,T,T,4,4,4,4,teacher,teacher,other,other,reputation,reputation,mother,mother,2,2,2,2,0,0,no,False,no,False,yes,True,yes,True,yes,True,yes,True,yes,True,no,False,4,4,3,3,4,4,2,2,2,2,4,4,8,8,12,12,10,10,11,11
148,GP,GP,F,F,18,18,R,R,LE3,LE3,T,T,1,1,1,1,at_home,at_home,other,other,reputation,reputation,mother,mother,2,2,4,4,0,0,no,False,yes,True,yes,True,yes,True,yes,True,yes,True,no,False,no,False,5,5,2,2,2,2,1,1,1,1,3,3,1,1,12,12,12,12,12,12
149,GP,GP,F,F,18,18,U,U,GT3,GT3,A,A,4,4,4,4,at_home,at_home,teacher,teacher,course,course,mother,mother,2,2,2,2,0,0,yes,True,no,False,no,False,no,False,yes,True,yes,True,no,False,no,False,4,4,3,3,4,4,1,1,1,1,3,3,6,6,5,5,6,6,6,6
150,GP,GP,F,F,18,18,U,U,GT3,GT3,T,T,1,1,1,1,other,other,other,other,home,home,mother,mother,2,2,2,2,0,0,yes,True,no,False,no,False,yes,True,yes,True,yes,True,yes,True,no,False,5,5,4,4,4,4,1,1,1,1,4,4,4,4,8,8,9,9,10,10
151,GP,GP,F,F,18,18,U,U,GT3,GT3,T,T,2,2,1,1,other,other,other,other,course,course,other,other,2,2,3,3,0,0,no,False,yes,True,yes,True,no,False,no,False,yes,True,yes,True,yes,True,4,4,4,4,4,4,1,1,1,1,3,3,0,0,7,7,0,0,0,0
152,GP,GP,F,F,18,18,U,U,GT3,GT3,T,T,2,2,1,1,services,services,other,other,course,course,mother,mother,2,2,2,2,0,0,no,False,yes,True,yes,True,yes,True,yes,True,yes,True,yes,True,no,False,5,5,3,3,3,3,1,1,2,2,1,1,0,0,8,8,8,8,0,0
153,GP,GP,F,F,18,18,U,U,GT3,GT3,T,T,2,2,2,2,at_home,at_home,at_home,at_home,other,other,mother,mother,1,1,3,3,0,0,no,False,yes,True,yes,True,no,False,yes,True,yes,True,yes,True,no,False,4,4,3,3,3,3,1,1,2,2,2,2,5,5,18,18,18,18,19,19
154,GP,GP,F,F,18,18,U,U,GT3,GT3,T,T,2,2,2,2,at_home,at_home,services,services,home,home,mother,mother,1,1,3,3,0,0,no,False,yes,True,yes,True,yes,True,yes,True,yes,True,yes,True,yes,True,4,4,3,3,3,3,1,1,1,1,3,3,0,0,9,9,10,10,0,0
155,GP,GP,F,F,18,18,U,U,GT3,GT3,T,T,2,2,3,3,at_home,at_home,other,other,course,course,mother,mother,1,1,3,3,0,0,no,False,yes,True,no,False,no,False,yes,True,yes,True,yes,True,no,False,4,4,3,3,3,3,1,1,2,2,3,3,4,4,11,11,10,10,10,10
156,GP,GP,F,F,18,18,U,U,GT3,GT3,T,T,2,2,3,3,other,other,services,services,reputation,reputation,father,father,1,1,4,4,0,0,no,False,yes,True,yes,True,yes,True,yes,True,yes,True,yes,True,yes,True,4,4,5,5,5,5,1,1,3,3,2,2,4,4,15,15,14,14,14,14
157,GP,GP,F,F,18,18,U,U,GT3,GT3,T,T,2,2,4,4,services,services,at_home,at_home,reputation,reputation,other,other,1,1,2,2,1,1,no,False,yes,True,yes,True,yes,True,yes,True,yes,True,yes,True,no,False,4,4,4,4,3,3,1,1,1,1,3,3,8,8,14,14,12,12,12,12
158,GP,GP,F,F,18,18,U,U,GT3,GT3,T,T,3,3,2,2,other,other,services,services,other,other,mother,mother,1,1,3,3,0,0,no,False,no,False,no,False,no,False,yes,True,yes,True,yes,True,yes,True,5,5,4,4,3,3,2,2,3,3,1,1,7,7,13,13,13,13,14,14
159,GP,GP,F,F,18,18,U,U,GT3,GT3,T,T,3,3,3,3,services,services,services,services,home,home,mother,mother,1,1,2,2,0,0,no,False,no,False,no,False,yes,True,yes,True,yes,True,yes,True,no,False,5,5,3,3,4,4,1,1,1,1,4,4,0,0,7,7,0,0,0,0
160,GP,GP,F,F,18,18,U,U,GT3,GT3,T,T,4,4,3,3,other,other,other,other,course,course,mother,mother,1,1,3,3,0,0,no,False,yes,True,yes,True,yes,True,yes,True,yes,True,yes,True,yes,True,4,4,3,3,4,4,1,1,1,1,5,5,9,9,9,9,10,10,9,9
161,GP,GP,F,F,18,18,U,U,GT3,GT3,T,T,4,4,3,3,other,other,other,other,reputation,reputation,father,father,1,1,4,4,0,0,no,False,yes,True,yes,True,no,False,yes,True,yes,True,yes,True,no,False,4,4,3,3,3,3,1,1,1,1,3,3,0,0,14,14,13,13,14,14
162,GP,GP,F,F,18,18,U,U,GT3,GT3,T,T,4,4,3,3,services,services,other,other,home,home,father,father,1,1,2,2,0,0,no,False,yes,True,yes,True,no,False,yes,True,yes,True,yes,True,yes,True,3,3,1,1,2,2,1,1,3,3,2,2,21,21,17,17,18,18,18,18
163,GP,GP,F,F,18,18,U,U,GT3,GT3,T,T,4,4,4,4,health,health,health,health,reputation,reputation,father,father,1,1,2,2,1,1,yes,True,yes,True,no,False,yes,True,yes,True,yes,True,yes,True,yes,True,2,2,4,4,4,4,1,1,1,1,4,4,15,15,9,9,8,8,8,8
164,GP,GP,F,F,18,18,U,U,GT3,GT3,T,T,4,4,4,4,teacher,teacher,other,other,course,course,mother,mother,1,1,2,2,0,0,no,False,yes,True,yes,True,no,False,yes,True,yes,True,yes,True,no,False,4,4,4,4,4,4,3,3,3,3,5,5,2,2,11,11,11,11,11,11
165,GP,GP,F,F,18,18,U,U,LE3,LE3,A,A,4,4,4,4,health,health,other,other,home,home,mother,mother,1,1,2,2,0,0,no,False,yes,True,no,False,no,False,yes,True,yes,True,yes,True,yes,True,4,4,2,2,4,4,1,1,1,1,4,4,14,14,12,12,10,10,11,11
166,GP,GP,F,F,18,18,U,U,LE3,LE3,T,T,1,1,1,1,other,other,other,other,home,home,mother,mother,2,2,2,2,0,0,no,False,yes,True,yes,True,no,False,no,False,yes,True,no,False,no,False,4,4,4,4,3,3,1,1,1,1,3,3,2,2,11,11,11,11,11,11
167,GP,GP,F,F,18,18,U,U,LE3,LE3,T,T,2,2,1,1,services,services,at_home,at_home,reputation,reputation,mother,mother,1,1,2,2,1,1,no,False,no,False,no,False,no,False,yes,True,yes,True,yes,True,yes,True,5,5,4,4,3,3,1,1,1,1,5,5,12,12,12,12,12,12,13,13
168,GP,GP,F,F,18,18,U,U,LE3,LE3,T,T,2,2,2,2,other,other,other,other,home,home,other,other,1,1,2,2,0,0,no,False,no,False,no,False,yes,True,no,False,yes,True,yes,True,yes,True,4,4,3,3,3,3,1,1,1,1,2,2,0,0,8,8,8,8,0,0
169,GP,GP,F,F,18,18,U,U,LE3,LE3,T,T,3,3,3,3,services,services,services,services,home,home,mother,mother,1,1,4,4,0,0,no,False,yes,True,no,False,no,False,yes,True,yes,True,yes,True,no,False,5,5,3,3,3,3,1,1,1,1,1,1,7,7,16,16,15,15,17,17
170,GP,GP,F,F,18,18,U,U,LE3,LE3,T,T,4,4,3,3,other,other,other,other,home,home,other,other,2,2,2,2,0,0,no,False,yes,True,yes,True,no,False,yes,True,yes,True,yes,True,yes,True,4,4,4,4,5,5,1,1,2,2,2,2,10,10,10,10,8,8,8,8
171,GP,GP,F,F,19,19,R,R,GT3,GT3,A,A,3,3,1,1,services,services,at_home,at_home,home,home,other,other,1,1,3,3,1,1,no,False,no,False,yes,True,no,False,yes,True,yes,True,no,False,no,False,5,5,4,4,3,3,1,1,2,2,5,5,12,12,14,14,13,13,13,13
172,GP,GP,F,F,19,19,R,R,GT3,GT3,T,T,2,2,3,3,other,other,other,other,reputation,reputation,other,other,1,1,3,3,1,1,no,False,no,False,no,False,no,False,yes,True,yes,True,yes,True,yes,True,4,4,1,1,2,2,1,1,1,1,3,3,40,40,13,13,11,11,11,11
173,GP,GP,F,F,19,19,U,U,GT3,GT3,T,T,0,0,1,1,at_home,at_home,other,other,course,course,other,other,1,1,2,2,3,3,no,False,yes,True,no,False,no,False,no,False,no,False,no,False,no,False,3,3,4,4,2,2,1,1,1,1,5,5,2,2,7,7,8,8,9,9
174,GP,GP,F,F,19,19,U,U,GT3,GT3,T,T,1,1,1,1,at_home,at_home,health,health,home,home,other,other,1,1,3,3,2,2,no,False,no,False,no,False,no,False,no,False,yes,True,yes,True,yes,True,4,4,1,1,2,2,1,1,1,1,3,3,14,14,15,15,13,13,13,13
175,GP,GP,F,F,19,19,U,U,GT3,GT3,T,T,2,2,1,1,at_home,at_home,other,other,other,other,other,other,3,3,2,2,0,0,no,False,yes,True,no,False,no,False,yes,True,no,False,yes,True,yes,True,3,3,4,4,1,1,1,1,1,1,2,2,20,20,14,14,12,12,13,13
176,GP,GP,F,F,19,19,U,U,GT3,GT3,T,T,2,2,1,1,services,services,services,services,home,home,other,other,1,1,3,3,1,1,no,False,no,False,yes,True,yes,True,yes,True,yes,True,yes,True,yes,True,4,4,3,3,4,4,1,1,3,3,3,3,4,4,11,11,12,12,11,11
177,GP,GP,F,F,19,19,U,U,GT3,GT3,T,T,3,3,3,3,other,other,other,other,reputation,reputation,other,other,1,1,4,4,0,0,no,False,yes,True,yes,True,yes,True,yes,True,yes,True,yes,True,no,False,4,4,3,3,3,3,1,1,2,2,3,3,10,10,8,8,8,8,8,8
178,GP,GP,F,F,19,19,U,U,GT3,GT3,T,T,3,3,3,3,other,other,services,services,home,home,other,other,1,1,2,2,2,2,no,False,yes,True,yes,True,yes,True,yes,True,yes,True,yes,True,no,False,4,4,3,3,5,5,3,3,3,3,5,5,15,15,9,9,9,9,9,9
179,GP,GP,F,F,19,19,U,U,GT3,GT3,T,T,4,4,4,4,health,health,other,other,reputation,reputation,other,other,2,2,2,2,0,0,no,False,yes,True,yes,True,yes,True,yes,True,yes,True,yes,True,no,False,2,2,3,3,4,4,2,2,3,3,2,2,0,0,10,10,9,9,0,0
180,GP,GP,F,F,19,19,U,U,LE3,LE3,T,T,1,1,1,1,at_home,at_home,other,other,reputation,reputation,other,other,1,1,2,2,1,1,yes,True,yes,True,no,False,yes,True,no,False,yes,True,yes,True,no,False,4,4,4,4,3,3,1,1,3,3,3,3,18,18,12,12,10,10,10,10
181,GP,GP,F,F,19,19,U,U,LE3,LE3,T,T,1,1,2,2,services,services,services,services,home,home,other,other,1,1,2,2,1,1,no,False,no,False,no,False,yes,True,no,False,yes,True,no,False,yes,True,4,4,2,2,4,4,2,2,2,2,3,3,0,0,9,9,9,9,0,0
182,GP,GP,F,F,19,19,U,U,LE3,LE3,T,T,3,3,2,2,services,services,other,other,reputation,reputation,other,other,2,2,2,2,1,1,no,False,yes,True,yes,True,no,False,no,False,yes,True,yes,True,yes,True,4,4,2,2,2,2,1,1,2,2,1,1,22,22,13,13,10,10,11,11
183,GP,GP,M,M,15,15,R,R,GT3,GT3,T,T,2,2,1,1,health,health,services,services,reputation,reputation,mother,mother,1,1,2,2,0,0,no,False,no,False,no,False,yes,True,yes,True,yes,True,yes,True,yes,True,5,5,4,4,2,2,1,1,1,1,5,5,8,8,9,9,9,9,9,9
184,GP,GP,M,M,15,15,R,R,GT3,GT3,T,T,2,2,3,3,at_home,at_home,services,services,course,course,mother,mother,1,1,2,2,0,0,yes,True,no,False,yes,True,yes,True,yes,True,yes,True,no,False,no,False,4,4,4,4,4,4,1,1,1,1,1,1,2,2,11,11,8,8,8,8
185,GP,GP,M,M,15,15,R,R,GT3,GT3,T,T,3,3,2,2,other,other,other,other,course,course,mother,mother,2,2,2,2,2,2,yes,True,yes,True,no,False,no,False,yes,True,yes,True,yes,True,yes,True,4,4,4,4,4,4,1,1,4,4,3,3,6,6,5,5,9,9,7,7
186,GP,GP,M,M,15,15,R,R,GT3,GT3,T,T,3,3,4,4,at_home,at_home,teacher,teacher,course,course,mother,mother,4,4,2,2,0,0,no,False,yes,True,no,False,no,False,yes,True,yes,True,no,False,yes,True,5,5,3,3,3,3,1,1,1,1,5,5,0,0,9,9,0,0,0,0
187,GP,GP,M,M,15,15,R,R,GT3,GT3,T,T,4,4,3,3,teacher,teacher,at_home,at_home,course,course,mother,mother,1,1,2,2,0,0,no,False,yes,True,no,False,yes,True,yes,True,yes,True,yes,True,yes,True,4,4,5,5,2,2,1,1,1,1,5,5,0,0,17,17,16,16,16,16
188,GP,GP,M,M,15,15,R,R,GT3,GT3,T,T,4,4,4,4,other,other,other,other,home,home,father,father,4,4,4,4,0,0,no,False,yes,True,yes,True,yes,True,yes,True,yes,True,yes,True,yes,True,1,1,3,3,5,5,3,3,5,5,1,1,6,6,10,10,13,13,13,13
189,GP,GP,M,M,15,15,U,U,GT3,GT3,A,A,2,2,2,2,other,other,other,other,home,home,other,other,1,1,3,3,0,0,no,False,yes,True,no,False,no,False,yes,True,yes,True,yes,True,yes,True,4,4,5,5,2,2,1,1,1,1,3,3,0,0,14,14,16,16,16,16
190,GP,GP,M,M,15,15,U,U,GT3,GT3,A,A,3,3,4,4,services,services,other,other,course,course,mother,mother,1,1,2,2,0,0,no,False,yes,True,yes,True,yes,True,yes,True,yes,True,yes,True,no,False,5,5,4,4,4,4,1,1,1,1,1,1,0,0,16,16,18,18,18,18
191,GP,GP,M,M,15,15,U,U,GT3,GT3,A,A,4,4,4,4,other,other,services,services,reputation,reputation,mother,mother,1,1,4,4,0,0,no,False,yes,True,no,False,yes,True,no,False,yes,True,yes,True,yes,True,1,1,3,3,3,3,5,5,5,5,3,3,4,4,13,13,13,13,12,12
192,GP,GP,M,M,15,15,U,U,GT3,GT3,T,T,2,2,2,2,other,other,other,other,home,home,mother,mother,1,1,1,1,0,0,no,False,yes,True,yes,True,no,False,yes,True,yes,True,yes,True,no,False,4,4,2,2,2,2,1,1,2,2,5,5,2,2,12,12,12,12,11,11
193,GP,GP,M,M,15,15,U,U,GT3,GT3,T,T,2,2,2,2,services,services,services,services,course,course,father,father,1,1,1,1,0,0,yes,True,yes,True,no,False,no,False,yes,True,yes,True,yes,True,no,False,5,5,4,4,1,1,1,1,1,1,1,1,0,0,8,8,8,8,11,11
194,GP,GP,M,M,15,15,U,U,GT3,GT3,T,T,2,2,2,2,services,services,services,services,home,home,father,father,1,1,4,4,0,0,no,False,yes,True,yes,True,yes,True,yes,True,yes,True,yes,True,no,False,5,5,5,5,4,4,1,1,2,2,5,5,6,6,16,16,14,14,15,15
195,GP,GP,M,M,15,15,U,U,GT3,GT3,T,T,2,2,3,3,other,other,other,other,home,home,mother,mother,1,1,3,3,0,0,yes,True,no,False,yes,True,no,False,no,False,yes,True,yes,True,no,False,5,5,3,3,2,2,1,1,2,2,5,5,4,4,11,11,10,10,11,11
196,GP,GP,M,M,15,15,U,U,GT3,GT3,T,T,2,2,3,3,other,other,services,services,course,course,father,father,1,1,1,1,0,0,yes,True,yes,True,yes,True,yes,True,no,False,yes,True,yes,True,yes,True,3,3,2,2,2,2,1,1,3,3,3,3,2,2,10,10,12,12,12,12
197,GP,GP,M,M,15,15,U,U,GT3,GT3,T,T,3,3,4,4,other,other,other,other,home,home,mother,mother,1,1,2,2,0,0,no,False,yes,True,yes,True,yes,True,yes,True,yes,True,yes,True,no,False,5,5,5,5,1,1,1,1,1,1,5,5,0,0,14,14,15,15,15,15
198,GP,GP,M,M,15,15,U,U,GT3,GT3,T,T,3,3,4,4,other,other,other,other,reputation,reputation,father,father,1,1,1,1,0,0,no,False,no,False,no,False,no,False,yes,True,yes,True,yes,True,no,False,3,3,4,4,3,3,1,1,2,2,4,4,6,6,14,14,13,13,13,13
199,GP,GP,M,M,15,15,U,U,GT3,GT3,T,T,3,3,4,4,services,services,services,services,home,home,father,father,1,1,1,1,0,0,yes,True,no,False,no,False,no,False,yes,True,yes,True,yes,True,no,False,5,5,5,5,5,5,3,3,2,2,5,5,0,0,13,13,13,13,12,12
200,GP,GP,M,M,15,15,U,U,GT3,GT3,T,T,4,4,0,0,teacher,teacher,other,other,course,course,mother,mother,2,2,4,4,0,0,no,False,no,False,no,False,yes,True,yes,True,yes,True,yes,True,no,False,3,3,4,4,3,3,1,1,1,1,1,1,8,8,11,11,11,11,10,10
201,GP,GP,M,M,15,15,U,U,GT3,GT3,T,T,4,4,2,2,health,health,services,services,other,other,mother,mother,1,1,1,1,0,0,no,False,no,False,yes,True,no,False,yes,True,yes,True,yes,True,no,False,2,2,2,2,4,4,2,2,4,4,1,1,4,4,15,15,16,16,15,15
202,GP,GP,M,M,15,15,U,U,GT3,GT3,T,T,4,4,2,2,other,other,other,other,course,course,mother,mother,1,1,4,4,0,0,no,False,no,False,no,False,no,False,yes,True,yes,True,yes,True,no,False,3,3,3,3,3,3,1,1,1,1,3,3,0,0,10,10,10,10,10,10
203,GP,GP,M,M,15,15,U,U,GT3,GT3,T,T,4,4,2,2,teacher,teacher,other,other,home,home,mother,mother,1,1,2,2,0,0,no,False,yes,True,yes,True,no,False,yes,True,yes,True,no,False,no,False,4,4,3,3,3,3,2,2,2,2,5,5,2,2,15,15,15,15,14,14
204,GP,GP,M,M,15,15,U,U,GT3,GT3,T,T,4,4,3,3,teacher,teacher,other,other,course,course,mother,mother,2,2,2,2,0,0,no,False,yes,True,yes,True,no,False,yes,True,yes,True,yes,True,no,False,5,5,4,4,3,3,1,1,2,2,3,3,2,2,10,10,10,10,11,11
205,GP,GP,M,M,15,15,U,U,GT3,GT3,T,T,4,4,3,3,teacher,teacher,other,other,home,home,mother,mother,1,1,2,2,0,0,no,False,yes,True,yes,True,yes,True,yes,True,yes,True,yes,True,no,False,4,4,3,3,3,3,2,2,3,3,5,5,6,6,9,9,9,9,10,10
206,GP,GP,M,M,15,15,U,U,GT3,GT3,T,T,4,4,3,3,teacher,teacher,other,other,reputation,reputation,mother,mother,1,1,2,2,0,0,no,False,no,False,no,False,no,False,yes,True,yes,True,yes,True,no,False,4,4,4,4,1,1,1,1,1,1,1,1,0,0,13,13,14,14,15,15
207,GP,GP,M,M,15,15,U,U,GT3,GT3,T,T,4,4,3,3,teacher,teacher,services,services,course,course,father,father,2,2,4,4,0,0,yes,True,yes,True,no,False,no,False,yes,True,yes,True,yes,True,no,False,2,2,2,2,2,2,1,1,1,1,3,3,0,0,7,7,9,9,0,0
208,GP,GP,M,M,15,15,U,U,GT3,GT3,T,T,4,4,4,4,health,health,health,health,other,other,father,father,1,1,1,1,0,0,no,False,yes,True,yes,True,no,False,yes,True,yes,True,yes,True,no,False,5,5,4,4,2,2,1,1,1,1,5,5,0,0,12,12,15,15,15,15
209,GP,GP,M,M,15,15,U,U,GT3,GT3,T,T,4,4,4,4,health,health,services,services,home,home,mother,mother,1,1,2,2,0,0,no,False,yes,True,yes,True,no,False,no,False,yes,True,yes,True,no,False,5,5,4,4,2,2,3,3,4,4,5,5,0,0,9,9,11,11,12,12
210,GP,GP,M,M,15,15,U,U,GT3,GT3,T,T,4,4,4,4,other,other,teacher,teacher,reputation,reputation,father,father,2,2,2,2,0,0,no,False,yes,True,no,False,yes,True,yes,True,yes,True,no,False,no,False,4,4,4,4,3,3,1,1,1,1,2,2,2,2,11,11,13,13,14,14
211,GP,GP,M,M,15,15,U,U,GT3,GT3,T,T,4,4,4,4,services,services,other,other,course,course,mother,mother,1,1,1,1,0,0,no,False,yes,True,no,False,yes,True,no,False,yes,True,yes,True,no,False,5,5,3,3,3,3,1,1,1,1,5,5,4,4,10,10,13,13,14,14
212,GP,GP,M,M,15,15,U,U,GT3,GT3,T,T,4,4,4,4,services,services,services,services,reputation,reputation,mother,mother,2,2,2,2,0,0,no,False,yes,True,no,False,yes,True,yes,True,yes,True,yes,True,no,False,4,4,3,3,1,1,1,1,1,1,5,5,0,0,17,17,16,16,17,17
213,GP,GP,M,M,15,15,U,U,GT3,GT3,T,T,4,4,4,4,services,services,teacher,teacher,course,course,father,father,1,1,2,2,0,0,no,False,yes,True,no,False,yes,True,yes,True,yes,True,yes,True,no,False,4,4,3,3,3,3,1,1,1,1,5,5,2,2,19,19,18,18,18,18
214,GP,GP,M,M,15,15,U,U,GT3,GT3,T,T,4,4,4,4,teacher,teacher,health,health,reputation,reputation,mother,mother,1,1,2,2,0,0,no,False,yes,True,no,False,yes,True,yes,True,yes,True,no,False,no,False,3,3,2,2,2,2,1,1,1,1,5,5,4,4,14,14,15,15,15,15
215,GP,GP,M,M,15,15,U,U,LE3,LE3,A,A,2,2,1,1,services,services,other,other,course,course,mother,mother,4,4,1,1,3,3,no,False,no,False,no,False,no,False,yes,True,yes,True,yes,True,no,False,4,4,5,5,5,5,2,2,5,5,5,5,0,0,8,8,9,9,10,10
216,GP,GP,M,M,15,15,U,U,LE3,LE3,A,A,3,3,2,2,services,services,other,other,home,home,mother,mother,1,1,2,2,0,0,no,False,yes,True,yes,True,no,False,yes,True,yes,True,yes,True,no,False,4,4,2,2,2,2,1,1,1,1,1,1,0,0,16,16,18,18,19,19
217,GP,GP,M,M,15,15,U,U,LE3,LE3,A,A,4,4,2,2,health,health,health,health,other,other,father,father,2,2,1,1,1,1,no,False,no,False,no,False,no,False,yes,True,yes,True,no,False,no,False,5,5,5,5,5,5,3,3,4,4,5,5,6,6,11,11,11,11,10,10
218,GP,GP,M,M,15,15,U,U,LE3,LE3,A,A,4,4,4,4,teacher,teacher,teacher,teacher,course,course,mother,mother,1,1,1,1,0,0,no,False,no,False,no,False,yes,True,yes,True,yes,True,yes,True,no,False,5,5,5,5,3,3,1,1,1,1,4,4,6,6,18,18,19,19,19,19
219,GP,GP,M,M,15,15,U,U,LE3,LE3,T,T,1,1,2,2,other,other,at_home,at_home,home,home,father,father,1,1,2,2,0,0,yes,True,yes,True,no,False,yes,True,yes,True,yes,True,yes,True,no,False,4,4,3,3,2,2,1,1,1,1,5,5,2,2,9,9,10,10,9,9
220,GP,GP,M,M,15,15,U,U,LE3,LE3,T,T,2,2,2,2,services,services,health,health,reputation,reputation,mother,mother,1,1,4,4,0,0,no,False,yes,True,no,False,yes,True,yes,True,yes,True,yes,True,no,False,4,4,3,3,4,4,1,1,1,1,4,4,6,6,11,11,13,13,14,14
221,GP,GP,M,M,15,15,U,U,LE3,LE3,T,T,2,2,2,2,services,services,services,services,home,home,mother,mother,2,2,2,2,0,0,no,False,no,False,yes,True,yes,True,yes,True,yes,True,yes,True,no,False,5,5,3,3,3,3,1,1,3,3,4,4,4,4,15,15,15,15,15,15
222,GP,GP,M,M,15,15,U,U,LE3,LE3,T,T,3,3,3,3,other,other,other,other,course,course,mother,mother,1,1,2,2,0,0,no,False,no,False,no,False,yes,True,no,False,yes,True,yes,True,no,False,5,5,3,3,2,2,1,1,1,1,2,2,0,0,8,8,10,10,12,12
223,GP,GP,M,M,15,15,U,U,LE3,LE3,T,T,4,4,2,2,teacher,teacher,other,other,course,course,mother,mother,1,1,1,1,0,0,no,False,no,False,no,False,no,False,yes,True,yes,True,yes,True,no,False,3,3,5,5,2,2,1,1,1,1,3,3,10,10,18,18,19,19,19,19
224,GP,GP,M,M,15,15,U,U,LE3,LE3,T,T,4,4,3,3,teacher,teacher,services,services,home,home,mother,mother,1,1,3,3,0,0,no,False,yes,True,no,False,yes,True,yes,True,yes,True,yes,True,no,False,5,5,4,4,3,3,1,1,1,1,4,4,2,2,15,15,16,16,18,18
225,GP,GP,M,M,15,15,U,U,LE3,LE3,T,T,4,4,4,4,health,health,services,services,course,course,father,father,1,1,1,1,0,0,no,False,yes,True,yes,True,yes,True,yes,True,yes,True,yes,True,no,False,4,4,3,3,3,3,1,1,3,3,5,5,2,2,14,14,14,14,14,14
226,GP,GP,M,M,15,15,U,U,LE3,LE3,T,T,4,4,4,4,teacher,teacher,other,other,home,home,other,other,1,1,1,1,0,0,no,False,yes,True,no,False,no,False,no,False,yes,True,yes,True,yes,True,5,5,4,4,3,3,2,2,4,4,5,5,8,8,12,12,12,12,12,12
227,GP,GP,M,M,16,16,R,R,GT3,GT3,A,A,4,4,4,4,other,other,teacher,teacher,reputation,reputation,mother,mother,2,2,3,3,0,0,no,False,yes,True,no,False,yes,True,yes,True,yes,True,yes,True,yes,True,2,2,4,4,3,3,1,1,1,1,5,5,7,7,15,15,16,16,15,15
228,GP,GP,M,M,16,16,R,R,GT3,GT3,T,T,2,2,1,1,other,other,other,other,course,course,mother,mother,2,2,1,1,0,0,no,False,no,False,no,False,yes,True,no,False,yes,True,no,False,no,False,3,3,3,3,2,2,1,1,3,3,3,3,0,0,8,8,9,9,8,8
229,GP,GP,M,M,16,16,R,R,GT3,GT3,T,T,2,2,2,2,at_home,at_home,other,other,course,course,mother,mother,3,3,1,1,0,0,no,False,no,False,no,False,no,False,no,False,yes,True,no,False,no,False,4,4,2,2,2,2,1,1,2,2,3,3,2,2,17,17,15,15,15,15
230,GP,GP,M,M,16,16,R,R,GT3,GT3,T,T,3,3,3,3,services,services,services,services,reputation,reputation,mother,mother,1,1,1,1,0,0,no,False,yes,True,no,False,yes,True,yes,True,yes,True,yes,True,no,False,4,4,3,3,2,2,3,3,4,4,5,5,8,8,8,8,9,9,10,10
231,GP,GP,M,M,16,16,R,R,GT3,GT3,T,T,4,4,2,2,teacher,teacher,services,services,other,other,mother,mother,1,1,1,1,0,0,no,False,yes,True,no,False,yes,True,yes,True,yes,True,yes,True,yes,True,4,4,3,3,3,3,3,3,4,4,3,3,10,10,10,10,8,8,9,9
232,GP,GP,M,M,16,16,R,R,GT3,GT3,T,T,4,4,3,3,services,services,other,other,reputation,reputation,mother,mother,2,2,1,1,0,0,yes,True,yes,True,no,False,yes,True,no,False,yes,True,yes,True,no,False,3,3,3,3,3,3,1,1,1,1,4,4,2,2,11,11,15,15,15,15
233,GP,GP,M,M,16,16,R,R,GT3,GT3,T,T,4,4,4,4,teacher,teacher,teacher,teacher,course,course,mother,mother,1,1,1,1,0,0,no,False,no,False,yes,True,yes,True,yes,True,yes,True,yes,True,no,False,3,3,5,5,5,5,2,2,5,5,4,4,8,8,18,18,18,18,18,18
234,GP,GP,M,M,16,16,R,R,LE3,LE3,T,T,3,3,3,3,teacher,teacher,other,other,home,home,father,father,3,3,1,1,0,0,no,False,yes,True,yes,True,yes,True,yes,True,yes,True,yes,True,no,False,3,3,3,3,4,4,3,3,5,5,3,3,8,8,9,9,9,9,10,10
235,GP,GP,M,M,16,16,U,U,GT3,GT3,T,T,0,0,2,2,other,other,other,other,other,other,mother,mother,1,1,1,1,0,0,no,False,no,False,yes,True,no,False,no,False,yes,True,yes,True,no,False,4,4,3,3,2,2,2,2,4,4,5,5,0,0,13,13,15,15,15,15
236,GP,GP,M,M,16,16,U,U,GT3,GT3,T,T,1,1,0,0,other,other,other,other,reputation,reputation,mother,mother,2,2,2,2,0,0,no,False,yes,True,yes,True,yes,True,yes,True,yes,True,yes,True,yes,True,4,4,3,3,2,2,1,1,1,1,3,3,2,2,13,13,15,15,16,16
237,GP,GP,M,M,16,16,U,U,GT3,GT3,T,T,1,1,2,2,services,services,services,services,other,other,mother,mother,1,1,1,1,0,0,no,False,yes,True,yes,True,yes,True,yes,True,yes,True,yes,True,yes,True,3,3,3,3,3,3,1,1,2,2,3,3,2,2,11,11,12,12,11,11
238,GP,GP,M,M,16,16,U,U,GT3,GT3,T,T,2,2,1,1,other,other,other,other,course,course,mother,mother,3,3,1,1,0,0,no,False,no,False,no,False,no,False,yes,True,yes,True,yes,True,no,False,4,4,3,3,3,3,1,1,1,1,4,4,6,6,18,18,18,18,18,18
239,GP,GP,M,M,16,16,U,U,GT3,GT3,T,T,2,2,2,2,other,other,other,other,course,course,father,father,1,1,2,2,0,0,no,False,no,False,no,False,no,False,yes,True,no,False,yes,True,no,False,4,4,3,3,5,5,2,2,4,4,4,4,4,4,10,10,10,10,10,10
240,GP,GP,M,M,16,16,U,U,GT3,GT3,T,T,2,2,2,2,services,services,other,other,reputation,reputation,father,father,2,2,2,2,1,1,no,False,no,False,yes,True,yes,True,no,False,yes,True,yes,True,no,False,4,4,4,4,2,2,1,1,1,1,3,3,12,12,11,11,10,10,10,10
241,GP,GP,M,M,16,16,U,U,GT3,GT3,T,T,2,2,3,3,other,other,other,other,home,home,father,father,2,2,1,1,0,0,no,False,no,False,no,False,no,False,yes,True,yes,True,yes,True,no,False,5,5,3,3,3,3,1,1,1,1,3,3,0,0,13,13,14,14,14,14
242,GP,GP,M,M,16,16,U,U,GT3,GT3,T,T,3,3,1,1,other,other,other,other,reputation,reputation,father,father,2,2,4,4,0,0,no,False,yes,True,yes,True,no,False,yes,True,yes,True,yes,True,no,False,4,4,3,3,2,2,1,1,1,1,5,5,0,0,13,13,15,15,15,15
243,GP,GP,M,M,16,16,U,U,GT3,GT3,T,T,3,3,1,1,other,other,other,other,reputation,reputation,mother,mother,1,1,1,1,0,0,no,False,no,False,no,False,yes,True,yes,True,yes,True,no,False,no,False,5,5,3,3,2,2,2,2,2,2,5,5,2,2,12,12,12,12,14,14
244,GP,GP,M,M,16,16,U,U,GT3,GT3,T,T,3,3,2,2,at_home,at_home,other,other,reputation,reputation,mother,mother,2,2,3,3,0,0,no,False,no,False,no,False,yes,True,yes,True,yes,True,yes,True,yes,True,5,5,3,3,3,3,1,1,3,3,2,2,10,10,11,11,9,9,10,10
245,GP,GP,M,M,16,16,U,U,GT3,GT3,T,T,3,3,2,2,other,other,other,other,home,home,mother,mother,1,1,1,1,0,0,no,False,yes,True,yes,True,no,False,no,False,yes,True,yes,True,no,False,5,5,4,4,3,3,1,1,1,1,5,5,0,0,12,12,14,14,15,15
246,GP,GP,M,M,16,16,U,U,GT3,GT3,T,T,3,3,2,2,services,services,services,services,course,course,mother,mother,2,2,1,1,1,1,no,False,yes,True,no,False,yes,True,no,False,no,False,no,False,no,False,4,4,5,5,2,2,1,1,1,1,2,2,16,16,12,12,11,11,12,12
247,GP,GP,M,M,16,16,U,U,GT3,GT3,T,T,3,3,3,3,at_home,at_home,other,other,reputation,reputation,other,other,3,3,2,2,0,0,yes,True,yes,True,no,False,no,False,no,False,yes,True,yes,True,no,False,5,5,3,3,3,3,1,1,3,3,2,2,6,6,7,7,10,10,10,10
248,GP,GP,M,M,16,16,U,U,GT3,GT3,T,T,3,3,3,3,other,other,services,services,course,course,father,father,1,1,2,2,1,1,no,False,yes,True,yes,True,no,False,yes,True,yes,True,yes,True,yes,True,4,4,5,5,5,5,4,4,4,4,5,5,4,4,10,10,12,12,12,12
249,GP,GP,M,M,16,16,U,U,GT3,GT3,T,T,3,3,3,3,other,other,services,services,home,home,father,father,2,2,1,1,0,0,no,False,no,False,no,False,yes,True,yes,True,yes,True,yes,True,no,False,5,5,4,4,2,2,1,1,1,1,5,5,0,0,13,13,14,14,13,13
250,GP,GP,M,M,16,16,U,U,GT3,GT3,T,T,3,3,3,3,services,services,other,other,home,home,father,father,1,1,3,3,0,0,no,False,yes,True,no,False,yes,True,yes,True,yes,True,yes,True,no,False,5,5,3,3,3,3,1,1,1,1,5,5,2,2,16,16,18,18,18,18
251,GP,GP,M,M,16,16,U,U,GT3,GT3,T,T,3,3,3,3,services,services,other,other,home,home,mother,mother,1,1,2,2,0,0,no,False,no,False,yes,True,yes,True,yes,True,yes,True,yes,True,yes,True,4,4,2,2,3,3,1,1,2,2,3,3,2,2,12,12,13,13,12,12
252,GP,GP,M,M,16,16,U,U,GT3,GT3,T,T,3,3,4,4,other,other,other,other,course,course,father,father,3,3,1,1,2,2,no,False,yes,True,no,False,yes,True,no,False,yes,True,yes,True,no,False,3,3,4,4,5,5,2,2,4,4,2,2,0,0,6,6,5,5,0,0
253,GP,GP,M,M,16,16,U,U,GT3,GT3,T,T,4,4,3,3,health,health,services,services,reputation,reputation,mother,mother,1,1,4,4,0,0,no,False,no,False,no,False,yes,True,yes,True,yes,True,yes,True,no,False,4,4,2,2,2,2,1,1,1,1,2,2,4,4,19,19,19,19,20,20
254,GP,GP,M,M,16,16,U,U,GT3,GT3,T,T,4,4,3,3,teacher,teacher,other,other,home,home,mother,mother,1,1,2,2,0,0,no,False,yes,True,yes,True,yes,True,yes,True,yes,True,yes,True,no,False,3,3,4,4,3,3,2,2,3,3,3,3,10,10,9,9,8,8,8,8
255,GP,GP,M,M,16,16,U,U,GT3,GT3,T,T,4,4,4,4,health,health,other,other,course,course,mother,mother,1,1,1,1,0,0,no,False,yes,True,no,False,yes,True,yes,True,yes,True,yes,True,no,False,3,3,4,4,4,4,1,1,4,4,5,5,18,18,14,14,11,11,13,13
256,GP,GP,M,M,16,16,U,U,GT3,GT3,T,T,4,4,4,4,health,health,other,other,reputation,reputation,father,father,1,1,2,2,0,0,no,False,yes,True,yes,True,yes,True,yes,True,yes,True,yes,True,no,False,4,4,2,2,4,4,2,2,4,4,1,1,2,2,14,14,13,13,13,13
257,GP,GP,M,M,16,16,U,U,GT3,GT3,T,T,4,4,4,4,services,services,services,services,course,course,mother,mother,1,1,1,1,0,0,no,False,no,False,no,False,yes,True,yes,True,yes,True,yes,True,no,False,5,5,3,3,2,2,1,1,2,2,5,5,0,0,13,13,12,12,12,12
258,GP,GP,M,M,16,16,U,U,GT3,GT3,T,T,4,4,4,4,services,services,services,services,other,other,mother,mother,1,1,1,1,0,0,yes,True,yes,True,yes,True,yes,True,yes,True,yes,True,yes,True,no,False,4,4,5,5,5,5,5,5,5,5,4,4,14,14,7,7,7,7,5,5
259,GP,GP,M,M,16,16,U,U,GT3,GT3,T,T,4,4,4,4,services,services,teacher,teacher,other,other,father,father,1,1,3,3,0,0,no,False,yes,True,no,False,yes,True,yes,True,yes,True,yes,True,yes,True,4,4,4,4,3,3,1,1,1,1,4,4,0,0,16,16,17,17,17,17
260,GP,GP,M,M,16,16,U,U,GT3,GT3,T,T,4,4,4,4,teacher,teacher,teacher,teacher,course,course,father,father,1,1,2,2,0,0,no,False,yes,True,no,False,yes,True,yes,True,yes,True,yes,True,no,False,5,5,4,4,4,4,1,1,2,2,5,5,2,2,15,15,15,15,16,16
261,GP,GP,M,M,16,16,U,U,GT3,GT3,T,T,4,4,4,4,teacher,teacher,teacher,teacher,course,course,mother,mother,1,1,1,1,0,0,no,False,yes,True,no,False,no,False,yes,True,no,False,yes,True,yes,True,3,3,3,3,2,2,2,2,1,1,5,5,0,0,7,7,6,6,0,0
262,GP,GP,M,M,16,16,U,U,GT3,GT3,T,T,4,4,4,4,teacher,teacher,teacher,teacher,home,home,mother,mother,1,1,2,2,0,0,no,False,yes,True,yes,True,yes,True,yes,True,yes,True,yes,True,yes,True,4,4,4,4,5,5,5,5,5,5,5,5,16,16,10,10,12,12,11,11
263,GP,GP,M,M,16,16,U,U,LE3,LE3,A,A,3,3,4,4,services,services,other,other,home,home,mother,mother,1,1,2,2,0,0,yes,True,yes,True,no,False,yes,True,yes,True,yes,True,yes,True,no,False,5,5,3,3,3,3,1,1,1,1,5,5,4,4,11,11,11,11,11,11
264,GP,GP,M,M,16,16,U,U,LE3,LE3,A,A,4,4,4,4,teacher,teacher,health,health,reputation,reputation,mother,mother,1,1,2,2,0,0,no,False,yes,True,no,False,no,False,yes,True,yes,True,no,False,no,False,4,4,1,1,3,3,3,3,5,5,5,5,18,18,8,8,6,6,7,7
265,GP,GP,M,M,16,16,U,U,LE3,LE3,T,T,1,1,1,1,other,other,other,other,home,home,mother,mother,2,2,2,2,0,0,no,False,yes,True,yes,True,no,False,yes,True,yes,True,yes,True,no,False,3,3,4,4,2,2,1,1,1,1,5,5,18,18,9,9,7,7,6,6
266,GP,GP,M,M,16,16,U,U,LE3,LE3,T,T,1,1,1,1,services,services,other,other,course,course,mother,mother,1,1,2,2,1,1,no,False,no,False,no,False,no,False,yes,True,yes,True,no,False,yes,True,4,4,4,4,4,4,1,1,3,3,5,5,0,0,14,14,12,12,12,12
267,GP,GP,M,M,16,16,U,U,LE3,LE3,T,T,1,1,2,2,other,other,other,other,course,course,mother,mother,2,2,1,1,1,1,no,False,no,False,no,False,yes,True,yes,True,yes,True,no,False,no,False,4,4,4,4,4,4,2,2,4,4,5,5,0,0,7,7,0,0,0,0
268,GP,GP,M,M,16,16,U,U,LE3,LE3,T,T,2,2,1,1,at_home,at_home,other,other,course,course,mother,mother,1,1,1,1,1,1,no,False,no,False,no,False,yes,True,yes,True,yes,True,no,False,yes,True,4,4,4,4,4,4,3,3,5,5,5,5,6,6,12,12,13,13,14,14
269,GP,GP,M,M,16,16,U,U,LE3,LE3,T,T,2,2,1,1,other,other,other,other,course,course,mother,mother,1,1,2,2,0,0,no,False,no,False,yes,True,yes,True,yes,True,yes,True,yes,True,yes,True,4,4,2,2,3,3,1,1,2,2,5,5,0,0,15,15,15,15,15,15
270,GP,GP,M,M,16,16,U,U,LE3,LE3,T,T,2,2,2,2,other,other,other,other,home,home,mother,mother,1,1,2,2,0,0,no,False,no,False,no,False,no,False,yes,True,yes,True,yes,True,no,False,4,4,4,4,4,4,1,1,1,1,3,3,0,0,12,12,12,12,11,11
271,GP,GP,M,M,16,16,U,U,LE3,LE3,T,T,2,2,2,2,other,other,other,other,reputation,reputation,mother,mother,2,2,2,2,0,0,no,False,yes,True,no,False,yes,True,yes,True,yes,True,yes,True,no,False,5,5,4,4,4,4,2,2,4,4,5,5,0,0,13,13,13,13,12,12
272,GP,GP,M,M,16,16,U,U,LE3,LE3,T,T,2,2,2,2,services,services,services,services,reputation,reputation,father,father,2,2,1,1,2,2,no,False,yes,True,no,False,yes,True,yes,True,yes,True,yes,True,no,False,2,2,3,3,3,3,2,2,2,2,2,2,8,8,9,9,9,9,9,9
273,GP,GP,M,M,16,16,U,U,LE3,LE3,T,T,4,4,2,2,teacher,teacher,other,other,course,course,mother,mother,1,1,2,2,0,0,no,False,no,False,no,False,yes,True,yes,True,yes,True,yes,True,no,False,4,4,5,5,1,1,1,1,3,3,5,5,2,2,15,15,15,15,16,16
274,GP,GP,M,M,16,16,U,U,LE3,LE3,T,T,4,4,3,3,health,health,other,other,home,home,father,father,1,1,1,1,0,0,no,False,no,False,yes,True,yes,True,yes,True,yes,True,yes,True,no,False,3,3,1,1,3,3,1,1,3,3,5,5,4,4,8,8,10,10,10,10
275,GP,GP,M,M,16,16,U,U,LE3,LE3,T,T,4,4,3,3,services,services,other,other,reputation,reputation,mother,mother,1,1,2,2,0,0,no,False,yes,True,yes,True,yes,True,yes,True,yes,True,yes,True,no,False,5,5,4,4,2,2,1,1,2,2,5,5,10,10,15,15,15,15,15,15
276,GP,GP,M,M,16,16,U,U,LE3,LE3,T,T,4,4,3,3,teacher,teacher,other,other,course,course,mother,mother,1,1,1,1,0,0,no,False,no,False,no,False,yes,True,no,False,yes,True,yes,True,no,False,5,5,4,4,5,5,1,1,1,1,3,3,0,0,6,6,0,0,0,0
277,GP,GP,M,M,17,17,R,R,GT3,GT3,T,T,1,1,2,2,at_home,at_home,at_home,at_home,home,home,mother,mother,1,1,2,2,0,0,no,False,yes,True,yes,True,yes,True,no,False,yes,True,no,False,yes,True,3,3,5,5,2,2,2,2,2,2,1,1,2,2,15,15,14,14,14,14
278,GP,GP,M,M,17,17,R,R,GT3,GT3,T,T,1,1,2,2,at_home,at_home,other,other,home,home,mother,mother,1,1,2,2,0,0,no,False,no,False,no,False,no,False,yes,True,yes,True,no,False,no,False,3,3,1,1,3,3,1,1,5,5,3,3,4,4,8,8,9,9,10,10
279,GP,GP,M,M,17,17,R,R,GT3,GT3,T,T,1,1,3,3,other,other,other,other,course,course,father,father,3,3,2,2,1,1,no,False,yes,True,no,False,yes,True,yes,True,yes,True,yes,True,no,False,5,5,2,2,4,4,1,1,4,4,5,5,20,20,9,9,7,7,8,8
280,GP,GP,M,M,17,17,R,R,GT3,GT3,T,T,2,2,1,1,other,other,other,other,course,course,mother,mother,1,1,1,1,0,0,no,False,no,False,no,False,no,False,no,False,yes,True,yes,True,no,False,4,4,4,4,2,2,2,2,4,4,5,5,0,0,8,8,12,12,12,12
281,GP,GP,M,M,17,17,R,R,GT3,GT3,T,T,2,2,2,2,other,other,other,other,course,course,father,father,2,2,2,2,0,0,no,False,yes,True,yes,True,yes,True,yes,True,yes,True,yes,True,no,False,4,4,5,5,2,2,1,1,1,1,1,1,4,4,11,11,11,11,11,11
282,GP,GP,M,M,17,17,R,R,GT3,GT3,T,T,2,2,2,2,services,services,other,other,course,course,mother,mother,4,4,1,1,0,0,no,False,yes,True,no,False,no,False,yes,True,yes,True,yes,True,no,False,4,4,4,4,5,5,5,5,5,5,4,4,8,8,11,11,10,10,10,10
283,GP,GP,M,M,17,17,R,R,GT3,GT3,T,T,3,3,4,4,at_home,at_home,other,other,course,course,mother,mother,3,3,2,2,0,0,no,False,no,False,no,False,no,False,yes,True,yes,True,no,False,no,False,5,5,4,4,5,5,2,2,4,4,5,5,0,0,10,10,0,0,0,0
284,GP,GP,M,M,17,17,R,R,LE3,LE3,A,A,4,4,4,4,teacher,teacher,other,other,course,course,mother,mother,2,2,2,2,0,0,no,False,yes,True,yes,True,no,False,yes,True,yes,True,yes,True,no,False,3,3,3,3,3,3,2,2,3,3,4,4,2,2,10,10,11,11,12,12
285,GP,GP,M,M,17,17,R,R,LE3,LE3,T,T,1,1,1,1,other,other,services,services,course,course,mother,mother,4,4,2,2,3,3,no,False,no,False,no,False,yes,True,yes,True,no,False,no,False,yes,True,5,5,3,3,5,5,1,1,5,5,5,5,0,0,5,5,8,8,7,7
286,GP,GP,M,M,17,17,R,R,LE3,LE3,T,T,1,1,2,2,other,other,other,other,reputation,reputation,mother,mother,1,1,1,1,0,0,no,False,no,False,no,False,no,False,yes,True,yes,True,no,False,no,False,2,2,2,2,2,2,3,3,3,3,5,5,8,8,16,16,12,12,13,13
287,GP,GP,M,M,17,17,R,R,LE3,LE3,T,T,2,2,1,1,at_home,at_home,other,other,course,course,mother,mother,2,2,1,1,2,2,no,False,no,False,no,False,yes,True,yes,True,no,False,yes,True,yes,True,3,3,3,3,2,2,2,2,2,2,5,5,0,0,7,7,6,6,0,0
288,GP,GP,M,M,17,17,U,U,GT3,GT3,T,T,1,1,1,1,other,other,other,other,reputation,reputation,father,father,1,1,2,2,0,0,no,False,no,False,yes,True,no,False,no,False,yes,True,yes,True,no,False,4,4,3,3,3,3,1,1,2,2,4,4,2,2,12,12,10,10,11,11
289,GP,GP,M,M,17,17,U,U,GT3,GT3,T,T,1,1,2,2,at_home,at_home,services,services,other,other,other,other,2,2,2,2,0,0,no,False,no,False,yes,True,yes,True,no,False,yes,True,yes,True,no,False,4,4,4,4,4,4,4,4,5,5,5,5,12,12,7,7,8,8,8,8
290,GP,GP,M,M,17,17,U,U,GT3,GT3,T,T,1,1,3,3,at_home,at_home,services,services,course,course,father,father,1,1,1,1,0,0,no,False,no,False,no,False,no,False,yes,True,no,False,yes,True,no,False,5,5,3,3,3,3,1,1,4,4,2,2,2,2,10,10,10,10,10,10
291,GP,GP,M,M,17,17,U,U,GT3,GT3,T,T,2,2,1,1,other,other,other,other,home,home,mother,mother,1,1,1,1,3,3,no,False,yes,True,no,False,no,False,yes,True,yes,True,yes,True,no,False,5,5,4,4,5,5,1,1,2,2,5,5,0,0,5,5,0,0,0,0
292,GP,GP,M,M,17,17,U,U,GT3,GT3,T,T,2,2,1,1,other,other,other,other,home,home,mother,mother,2,2,1,1,3,3,yes,True,yes,True,no,False,yes,True,yes,True,no,False,yes,True,no,False,4,4,5,5,1,1,1,1,1,1,3,3,2,2,8,8,8,8,10,10
293,GP,GP,M,M,17,17,U,U,GT3,GT3,T,T,2,2,3,3,other,other,other,other,course,course,father,father,2,2,1,1,0,0,no,False,no,False,no,False,no,False,yes,True,yes,True,yes,True,no,False,5,5,2,2,2,2,1,1,1,1,2,2,4,4,12,12,12,12,13,13
294,GP,GP,M,M,17,17,U,U,GT3,GT3,T,T,3,3,1,1,services,services,other,other,other,other,mother,mother,1,1,2,2,0,0,no,False,no,False,yes,True,yes,True,yes,True,yes,True,yes,True,yes,True,5,5,4,4,4,4,3,3,4,4,5,5,2,2,9,9,9,9,10,10
295,GP,GP,M,M,17,17,U,U,GT3,GT3,T,T,3,3,2,2,services,services,services,services,course,course,mother,mother,1,1,1,1,3,3,no,False,yes,True,no,False,yes,True,yes,True,yes,True,yes,True,no,False,5,5,5,5,5,5,2,2,4,4,5,5,16,16,6,6,5,5,5,5
296,GP,GP,M,M,17,17,U,U,GT3,GT3,T,T,3,3,3,3,health,health,other,other,home,home,mother,mother,1,1,1,1,0,0,no,False,yes,True,yes,True,no,False,yes,True,yes,True,yes,True,no,False,4,4,4,4,3,3,1,1,3,3,5,5,4,4,14,14,12,12,11,11
297,GP,GP,M,M,17,17,U,U,GT3,GT3,T,T,3,3,3,3,other,other,other,other,reputation,reputation,father,father,1,1,2,2,0,0,no,False,no,False,no,False,yes,True,no,False,yes,True,yes,True,no,False,4,4,3,3,4,4,1,1,4,4,4,4,4,4,6,6,5,5,6,6
298,GP,GP,M,M,17,17,U,U,GT3,GT3,T,T,3,3,3,3,other,other,services,services,reputation,reputation,mother,mother,1,1,1,1,0,0,no,False,no,False,no,False,yes,True,no,False,yes,True,yes,True,no,False,4,4,3,3,5,5,3,3,5,5,5,5,3,3,14,14,15,15,16,16
299,GP,GP,M,M,17,17,U,U,GT3,GT3,T,T,3,3,3,3,services,services,services,services,other,other,mother,mother,1,1,2,2,0,0,no,False,yes,True,no,False,yes,True,yes,True,yes,True,yes,True,yes,True,4,4,3,3,4,4,2,2,3,3,4,4,12,12,12,12,12,12,11,11
300,GP,GP,M,M,17,17,U,U,GT3,GT3,T,T,4,4,3,3,other,other,other,other,course,course,mother,mother,1,1,2,2,0,0,no,False,yes,True,no,False,yes,True,yes,True,yes,True,yes,True,yes,True,5,5,2,2,3,3,1,1,1,1,2,2,4,4,10,10,10,10,11,11
301,GP,GP,M,M,17,17,U,U,GT3,GT3,T,T,4,4,4,4,services,services,teacher,teacher,home,home,mother,mother,1,1,1,1,0,0,no,False,no,False,no,False,no,False,yes,True,yes,True,yes,True,no,False,5,5,2,2,3,3,1,1,2,2,5,5,4,4,17,17,15,15,16,16
302,GP,GP,M,M,17,17,U,U,GT3,GT3,T,T,4,4,4,4,teacher,teacher,teacher,teacher,reputation,reputation,mother,mother,1,1,2,2,0,0,yes,True,yes,True,no,False,yes,True,yes,True,yes,True,yes,True,yes,True,4,4,5,5,5,5,1,1,3,3,2,2,14,14,11,11,9,9,9,9
303,GP,GP,M,M,17,17,U,U,LE3,LE3,A,A,3,3,2,2,teacher,teacher,services,services,home,home,mother,mother,1,1,1,1,1,1,no,False,no,False,no,False,no,False,yes,True,yes,True,yes,True,no,False,4,4,4,4,4,4,3,3,4,4,3,3,19,19,11,11,9,9,10,10
304,GP,GP,M,M,17,17,U,U,LE3,LE3,A,A,4,4,1,1,services,services,other,other,home,home,mother,mother,2,2,1,1,0,0,no,False,no,False,yes,True,yes,True,yes,True,yes,True,yes,True,yes,True,4,4,5,5,4,4,2,2,4,4,5,5,30,30,8,8,8,8,8,8
305,GP,GP,M,M,17,17,U,U,LE3,LE3,T,T,1,1,1,1,health,health,other,other,course,course,mother,mother,2,2,1,1,1,1,no,False,yes,True,no,False,yes,True,yes,True,yes,True,yes,True,no,False,4,4,4,4,4,4,1,1,2,2,5,5,2,2,7,7,9,9,8,8
306,GP,GP,M,M,17,17,U,U,LE3,LE3,T,T,2,2,2,2,other,other,other,other,home,home,father,father,1,1,2,2,0,0,no,False,no,False,yes,True,yes,True,no,False,yes,True,yes,True,yes,True,4,4,4,4,2,2,5,5,5,5,4,4,4,4,14,14,13,13,13,13
307,GP,GP,M,M,17,17,U,U,LE3,LE3,T,T,2,2,3,3,services,services,services,services,reputation,reputation,father,father,1,1,2,2,0,0,no,False,yes,True,yes,True,no,False,no,False,yes,True,yes,True,no,False,5,5,3,3,3,3,1,1,3,3,3,3,2,2,12,12,11,11,12,12
308,GP,GP,M,M,17,17,U,U,LE3,LE3,T,T,4,4,3,3,health,health,other,other,course,course,mother,mother,2,2,2,2,0,0,no,False,no,False,no,False,yes,True,yes,True,yes,True,yes,True,yes,True,2,2,5,5,5,5,1,1,4,4,5,5,14,14,12,12,12,12,12,12
309,GP,GP,M,M,17,17,U,U,LE3,LE3,T,T,4,4,3,3,teacher,teacher,other,other,course,course,mother,mother,2,2,2,2,0,0,no,False,no,False,yes,True,yes,True,yes,True,yes,True,yes,True,no,False,4,4,4,4,4,4,4,4,4,4,4,4,4,4,10,10,9,9,9,9
310,GP,GP,M,M,17,17,U,U,LE3,LE3,T,T,4,4,4,4,other,other,teacher,teacher,home,home,father,father,2,2,1,1,0,0,no,False,no,False,yes,True,no,False,yes,True,yes,True,yes,True,no,False,4,4,1,1,1,1,2,2,2,2,5,5,0,0,11,11,11,11,10,10
311,GP,GP,M,M,17,17,U,U,LE3,LE3,T,T,4,4,4,4,services,services,other,other,home,home,mother,mother,1,1,2,2,0,0,no,False,yes,True,yes,True,no,False,yes,True,yes,True,yes,True,yes,True,5,5,3,3,5,5,4,4,5,5,3,3,13,13,12,12,12,12,13,13
312,GP,GP,M,M,17,17,U,U,LE3,LE3,T,T,4,4,4,4,teacher,teacher,other,other,reputation,reputation,mother,mother,1,1,2,2,0,0,no,False,yes,True,yes,True,yes,True,yes,True,yes,True,yes,True,no,False,4,4,4,4,4,4,1,1,3,3,5,5,0,0,13,13,11,11,10,10
313,GP,GP,M,M,18,18,R,R,GT3,GT3,T,T,2,2,2,2,services,services,other,other,reputation,reputation,mother,mother,1,1,1,1,2,2,no,False,yes,True,no,False,yes,True,yes,True,yes,True,yes,True,no,False,3,3,3,3,3,3,1,1,2,2,4,4,0,0,7,7,4,4,0,0
314,GP,GP,M,M,18,18,R,R,GT3,GT3,T,T,3,3,2,2,other,other,other,other,course,course,mother,mother,1,1,3,3,0,0,no,False,no,False,no,False,yes,True,no,False,yes,True,no,False,no,False,5,5,3,3,2,2,1,1,1,1,3,3,1,1,13,13,12,12,12,12
315,GP,GP,M,M,18,18,R,R,GT3,GT3,T,T,4,4,3,3,teacher,teacher,services,services,course,course,mother,mother,1,1,3,3,0,0,no,False,no,False,no,False,no,False,yes,True,yes,True,yes,True,yes,True,5,5,3,3,2,2,1,1,2,2,4,4,9,9,16,16,15,15,16,16
316,GP,GP,M,M,18,18,R,R,LE3,LE3,A,A,3,3,4,4,other,other,other,other,reputation,reputation,mother,mother,2,2,2,2,0,0,no,False,yes,True,yes,True,yes,True,yes,True,yes,True,yes,True,no,False,4,4,2,2,5,5,3,3,4,4,1,1,13,13,17,17,17,17,17,17
317,GP,GP,M,M,18,18,R,R,LE3,LE3,T,T,3,3,2,2,services,services,other,other,reputation,reputation,mother,mother,2,2,3,3,0,0,no,False,yes,True,yes,True,yes,True,yes,True,yes,True,yes,True,no,False,5,5,4,4,2,2,1,1,1,1,4,4,8,8,14,14,13,13,14,14
318,GP,GP,M,M,18,18,R,R,LE3,LE3,T,T,3,3,3,3,other,other,services,services,course,course,mother,mother,1,1,2,2,1,1,no,False,yes,True,no,False,no,False,yes,True,yes,True,yes,True,yes,True,4,4,3,3,3,3,1,1,3,3,5,5,8,8,3,3,5,5,5,5
319,GP,GP,M,M,18,18,U,U,GT3,GT3,T,T,2,2,1,1,other,other,other,other,home,home,mother,mother,1,1,2,2,0,0,no,False,no,False,no,False,yes,True,yes,True,yes,True,yes,True,no,False,5,5,2,2,4,4,1,1,2,2,4,4,8,8,15,15,14,14,14,14
320,GP,GP,M,M,18,18,U,U,GT3,GT3,T,T,2,2,1,1,services,services,services,services,other,other,mother,mother,1,1,1,1,1,1,no,False,no,False,no,False,no,False,no,False,no,False,yes,True,no,False,3,3,2,2,5,5,2,2,5,5,5,5,4,4,6,6,9,9,8,8
321,GP,GP,M,M,18,18,U,U,GT3,GT3,T,T,2,2,1,1,services,services,services,services,reputation,reputation,mother,mother,1,1,3,3,0,0,no,False,no,False,yes,True,yes,True,yes,True,yes,True,yes,True,no,False,4,4,2,2,4,4,1,1,3,3,2,2,6,6,15,15,14,14,14,14
322,GP,GP,M,M,18,18,U,U,GT3,GT3,T,T,2,2,2,2,other,other,other,other,home,home,mother,mother,2,2,2,2,0,0,no,False,yes,True,yes,True,no,False,yes,True,yes,True,yes,True,no,False,3,3,3,3,3,3,5,5,5,5,4,4,0,0,12,12,13,13,13,13
323,GP,GP,M,M,18,18,U,U,GT3,GT3,T,T,2,2,2,2,other,other,services,services,reputation,reputation,father,father,1,1,2,2,1,1,no,False,no,False,no,False,no,False,yes,True,no,False,yes,True,no,False,5,5,5,5,4,4,3,3,5,5,2,2,0,0,7,7,7,7,0,0
324,GP,GP,M,M,18,18,U,U,GT3,GT3,T,T,2,2,2,2,services,services,other,other,home,home,mother,mother,1,1,2,2,1,1,no,False,yes,True,yes,True,yes,True,yes,True,yes,True,yes,True,no,False,4,4,4,4,4,4,2,2,4,4,5,5,15,15,6,6,7,7,8,8
325,GP,GP,M,M,18,18,U,U,GT3,GT3,T,T,3,3,2,2,services,services,other,other,course,course,mother,mother,2,2,1,1,1,1,no,False,no,False,no,False,no,False,yes,True,no,False,yes,True,no,False,4,4,4,4,5,5,2,2,4,4,5,5,0,0,6,6,8,8,8,8
326,GP,GP,M,M,18,18,U,U,GT3,GT3,T,T,4,4,2,2,health,health,other,other,reputation,reputation,father,father,1,1,2,2,0,0,no,False,yes,True,yes,True,yes,True,yes,True,yes,True,yes,True,yes,True,5,5,4,4,5,5,1,1,3,3,5,5,10,10,10,10,9,9,10,10
327,GP,GP,M,M,18,18,U,U,GT3,GT3,T,T,4,4,2,2,teacher,teacher,other,other,home,home,mother,mother,1,1,2,2,0,0,no,False,yes,True,yes,True,yes,True,yes,True,yes,True,yes,True,yes,True,4,4,3,3,2,2,1,1,4,4,5,5,11,11,12,12,11,11,11,11
328,GP,GP,M,M,18,18,U,U,GT3,GT3,T,T,4,4,3,3,teacher,teacher,other,other,course,course,mother,mother,1,1,2,2,0,0,no,False,yes,True,yes,True,no,False,no,False,yes,True,yes,True,no,False,4,4,3,3,2,2,1,1,1,1,3,3,2,2,8,8,8,8,8,8
329,GP,GP,M,M,18,18,U,U,GT3,GT3,T,T,4,4,3,3,teacher,teacher,other,other,course,course,mother,mother,1,1,3,3,0,0,no,False,yes,True,yes,True,no,False,yes,True,yes,True,yes,True,yes,True,5,5,4,4,5,5,2,2,3,3,5,5,0,0,10,10,10,10,9,9
330,GP,GP,M,M,18,18,U,U,GT3,GT3,T,T,4,4,4,4,other,other,other,other,course,course,mother,mother,1,1,3,3,0,0,no,False,no,False,no,False,yes,True,yes,True,yes,True,yes,True,no,False,4,4,3,3,3,3,2,2,2,2,3,3,3,3,9,9,12,12,11,11
331,GP,GP,M,M,18,18,U,U,GT3,GT3,T,T,4,4,4,4,teacher,teacher,services,services,home,home,father,father,1,1,2,2,1,1,no,False,yes,True,no,False,yes,True,yes,True,yes,True,yes,True,no,False,4,4,3,3,3,3,2,2,2,2,2,2,0,0,10,10,10,10,0,0
332,GP,GP,M,M,18,18,U,U,GT3,GT3,T,T,4,4,4,4,teacher,teacher,services,services,home,home,mother,mother,2,2,1,1,0,0,no,False,no,False,yes,True,yes,True,yes,True,yes,True,yes,True,no,False,3,3,2,2,4,4,1,1,4,4,3,3,22,22,9,9,9,9,9,9
333,GP,GP,M,M,18,18,U,U,LE3,LE3,A,A,4,4,4,4,teacher,teacher,teacher,teacher,reputation,reputation,mother,mother,1,1,2,2,0,0,no,False,yes,True,yes,True,yes,True,yes,True,yes,True,yes,True,no,False,5,5,4,4,3,3,1,1,1,1,2,2,9,9,15,15,13,13,15,15
334,GP,GP,M,M,18,18,U,U,LE3,LE3,T,T,1,1,1,1,other,other,other,other,course,course,mother,mother,1,1,1,1,3,3,no,False,no,False,no,False,no,False,yes,True,no,False,yes,True,yes,True,2,2,3,3,5,5,2,2,5,5,4,4,0,0,6,6,5,5,0,0
335,GP,GP,M,M,18,18,U,U,LE3,LE3,T,T,2,2,1,1,at_home,at_home,other,other,course,course,mother,mother,4,4,2,2,0,0,yes,True,yes,True,yes,True,yes,True,yes,True,yes,True,yes,True,yes,True,4,4,3,3,2,2,4,4,5,5,3,3,14,14,10,10,8,8,9,9
336,GP,GP,M,M,18,18,U,U,LE3,LE3,T,T,2,2,2,2,other,other,other,other,course,course,mother,mother,1,1,4,4,0,0,no,False,yes,True,no,False,yes,True,yes,True,yes,True,yes,True,no,False,4,4,5,5,5,5,2,2,4,4,5,5,2,2,9,9,8,8,8,8
337,GP,GP,M,M,18,18,U,U,LE3,LE3,T,T,3,3,3,3,services,services,health,health,home,home,father,father,1,1,2,2,1,1,no,False,yes,True,yes,True,no,False,yes,True,yes,True,yes,True,no,False,3,3,2,2,4,4,2,2,4,4,4,4,13,13,6,6,6,6,8,8
338,GP,GP,M,M,18,18,U,U,LE3,LE3,T,T,3,3,4,4,services,services,other,other,home,home,mother,mother,1,1,2,2,0,0,no,False,no,False,no,False,yes,True,yes,True,yes,True,yes,True,yes,True,4,4,3,3,3,3,1,1,3,3,5,5,11,11,16,16,15,15,15,15
339,GP,GP,M,M,18,18,U,U,LE3,LE3,T,T,4,4,3,3,teacher,teacher,services,services,course,course,mother,mother,2,2,1,1,0,0,no,False,no,False,yes,True,yes,True,yes,True,yes,True,yes,True,no,False,4,4,2,2,3,3,1,1,2,2,1,1,8,8,10,10,11,11,10,10
340,GP,GP,M,M,18,18,U,U,LE3,LE3,T,T,4,4,4,4,teacher,teacher,teacher,teacher,home,home,mother,mother,1,1,1,1,0,0,no,False,yes,True,yes,True,no,False,yes,True,yes,True,yes,True,yes,True,1,1,4,4,2,2,2,2,2,2,1,1,5,5,16,16,15,15,16,16
341,GP,GP,M,M,19,19,R,R,GT3,GT3,T,T,3,3,3,3,other,other,services,services,reputation,reputation,father,father,1,1,2,2,1,1,no,False,no,False,no,False,yes,True,yes,True,yes,True,no,False,yes,True,4,4,5,5,3,3,1,1,2,2,5,5,0,0,15,15,12,12,12,12
342,GP,GP,M,M,19,19,U,U,GT3,GT3,T,T,1,1,2,2,other,other,services,services,course,course,other,other,1,1,2,2,1,1,no,False,no,False,no,False,no,False,no,False,yes,True,yes,True,no,False,4,4,5,5,2,2,2,2,2,2,4,4,3,3,13,13,11,11,11,11
343,GP,GP,M,M,19,19,U,U,GT3,GT3,T,T,3,3,2,2,services,services,at_home,at_home,home,home,mother,mother,1,1,1,1,3,3,no,False,yes,True,no,False,no,False,yes,True,no,False,yes,True,yes,True,4,4,5,5,4,4,1,1,1,1,4,4,0,0,5,5,0,0,0,0
344,GP,GP,M,M,19,19,U,U,GT3,GT3,T,T,3,3,3,3,other,other,other,other,home,home,other,other,1,1,2,2,1,1,no,False,yes,True,no,False,yes,True,yes,True,yes,True,yes,True,yes,True,4,4,4,4,4,4,1,1,1,1,3,3,20,20,15,15,14,14,13,13
345,GP,GP,M,M,19,19,U,U,GT3,GT3,T,T,4,4,4,4,teacher,teacher,services,services,reputation,reputation,other,other,2,2,1,1,1,1,no,False,yes,True,yes,True,no,False,yes,True,yes,True,yes,True,yes,True,4,4,3,3,4,4,1,1,1,1,4,4,38,38,8,8,9,9,8,8
346,GP,GP,M,M,19,19,U,U,LE3,LE3,A,A,4,4,3,3,services,services,at_home,at_home,reputation,reputation,mother,mother,1,1,2,2,0,0,no,False,yes,True,no,False,no,False,yes,True,yes,True,yes,True,no,False,4,4,3,3,1,1,1,1,1,1,1,1,12,12,11,11,11,11,11,11
347,GP,GP,M,M,20,20,U,U,GT3,GT3,A,A,3,3,2,2,services,services,other,other,course,course,other,other,1,1,1,1,0,0,no,False,no,False,no,False,yes,True,yes,True,yes,True,no,False,no,False,5,5,5,5,3,3,1,1,1,1,5,5,0,0,17,17,18,18,18,18
348,GP,GP,M,M,22,22,U,U,GT3,GT3,T,T,3,3,1,1,services,services,services,services,other,other,mother,mother,1,1,1,1,3,3,no,False,no,False,no,False,no,False,no,False,no,False,yes,True,yes,True,5,5,4,4,5,5,5,5,5,5,1,1,16,16,6,6,8,8,8,8
349,MS,MS,F,F,17,17,R,R,GT3,GT3,T,T,1,1,1,1,other,other,services,services,reputation,reputation,mother,mother,3,3,1,1,1,1,no,False,yes,True,yes,True,no,False,yes,True,yes,True,yes,True,yes,True,5,5,2,2,1,1,1,1,2,2,1,1,0,0,7,7,6,6,0,0
350,MS,MS,F,F,17,17,R,R,GT3,GT3,T,T,1,1,2,2,other,other,other,other,course,course,mother,mother,1,1,1,1,0,0,no,False,no,False,no,False,yes,True,yes,True,yes,True,yes,True,no,False,3,3,5,5,5,5,1,1,3,3,1,1,14,14,6,6,5,5,5,5
351,MS,MS,F,F,17,17,R,R,GT3,GT3,T,T,1,1,2,2,other,other,services,services,course,course,father,father,2,2,2,2,0,0,no,False,no,False,no,False,no,False,no,False,yes,True,no,False,no,False,3,3,2,2,2,2,1,1,2,2,3,3,0,0,12,12,11,11,12,12
352,MS,MS,F,F,17,17,R,R,GT3,GT3,T,T,3,3,1,1,at_home,at_home,other,other,reputation,reputation,mother,mother,1,1,2,2,0,0,no,False,yes,True,yes,True,yes,True,no,False,yes,True,yes,True,no,False,4,4,5,5,4,4,2,2,3,3,1,1,17,17,10,10,10,10,10,10
353,MS,MS,F,F,17,17,R,R,GT3,GT3,T,T,4,4,4,4,teacher,teacher,services,services,other,other,father,father,2,2,2,2,0,0,no,False,yes,True,yes,True,yes,True,yes,True,yes,True,yes,True,no,False,4,4,3,3,3,3,1,1,2,2,5,5,4,4,12,12,13,13,13,13
354,MS,MS,F,F,17,17,U,U,GT3,GT3,T,T,2,2,2,2,other,other,at_home,at_home,home,home,mother,mother,1,1,3,3,0,0,no,False,no,False,no,False,yes,True,yes,True,yes,True,no,False,yes,True,3,3,4,4,3,3,1,1,1,1,3,3,8,8,13,13,11,11,11,11
355,MS,MS,F,F,17,17,U,U,LE3,LE3,A,A,3,3,2,2,services,services,other,other,reputation,reputation,mother,mother,2,2,2,2,0,0,no,False,no,False,no,False,no,False,yes,True,yes,True,no,False,yes,True,1,1,2,2,3,3,1,1,2,2,5,5,2,2,12,12,12,12,11,11
356,MS,MS,F,F,17,17,U,U,LE3,LE3,T,T,4,4,4,4,at_home,at_home,at_home,at_home,course,course,mother,mother,1,1,2,2,0,0,no,False,yes,True,yes,True,yes,True,yes,True,yes,True,yes,True,yes,True,2,2,3,3,4,4,1,1,1,1,1,1,0,0,16,16,15,15,15,15
357,MS,MS,F,F,18,18,R,R,GT3,GT3,T,T,1,1,1,1,other,other,other,other,home,home,mother,mother,4,4,3,3,0,0,no,False,no,False,no,False,no,False,yes,True,yes,True,yes,True,no,False,4,4,3,3,2,2,1,1,2,2,4,4,2,2,8,8,8,8,10,10
358,MS,MS,F,F,18,18,R,R,GT3,GT3,T,T,2,2,2,2,at_home,at_home,other,other,other,other,mother,mother,2,2,3,3,0,0,no,False,no,False,yes,True,no,False,yes,True,yes,True,no,False,no,False,5,5,3,3,3,3,1,1,3,3,4,4,2,2,10,10,9,9,10,10
359,MS,MS,F,F,18,18,R,R,GT3,GT3,T,T,4,4,4,4,other,other,teacher,teacher,other,other,father,father,3,3,2,2,0,0,no,False,yes,True,yes,True,no,False,no,False,yes,True,yes,True,yes,True,3,3,2,2,2,2,4,4,2,2,5,5,10,10,14,14,12,12,11,11
360,MS,MS,F,F,18,18,R,R,GT3,GT3,T,T,4,4,4,4,teacher,teacher,at_home,at_home,reputation,reputation,mother,mother,3,3,1,1,0,0,no,False,yes,True,yes,True,yes,True,yes,True,yes,True,yes,True,yes,True,4,4,4,4,3,3,2,2,2,2,5,5,7,7,6,6,5,5,6,6
361,MS,MS,F,F,18,18,R,R,LE3,LE3,A,A,1,1,4,4,at_home,at_home,other,other,course,course,mother,mother,3,3,2,2,0,0,no,False,no,False,no,False,no,False,yes,True,yes,True,no,False,yes,True,4,4,3,3,4,4,1,1,4,4,5,5,0,0,13,13,13,13,13,13
362,MS,MS,F,F,18,18,R,R,LE3,LE3,T,T,4,4,4,4,other,other,other,other,reputation,reputation,mother,mother,2,2,3,3,0,0,no,False,no,False,no,False,no,False,yes,True,yes,True,yes,True,no,False,5,5,4,4,4,4,1,1,1,1,1,1,0,0,19,19,18,18,19,19
363,MS,MS,F,F,18,18,R,R,LE3,LE3,T,T,4,4,4,4,teacher,teacher,services,services,course,course,mother,mother,1,1,2,2,0,0,no,False,no,False,yes,True,yes,True,yes,True,yes,True,yes,True,no,False,5,5,4,4,3,3,3,3,4,4,2,2,4,4,8,8,9,9,10,10
364,MS,MS,F,F,18,18,U,U,GT3,GT3,T,T,1,1,1,1,other,other,other,other,course,course,mother,mother,2,2,2,2,1,1,no,False,no,False,no,False,yes,True,yes,True,yes,True,no,False,no,False,1,1,1,1,1,1,1,1,1,1,5,5,0,0,6,6,5,5,0,0
365,MS,MS,F,F,18,18,U,U,GT3,GT3,T,T,2,2,3,3,at_home,at_home,services,services,course,course,father,father,2,2,1,1,0,0,no,False,yes,True,yes,True,no,False,yes,True,yes,True,yes,True,yes,True,5,5,2,2,3,3,1,1,2,2,4,4,0,0,11,11,10,10,10,10
366,MS,MS,F,F,18,18,U,U,GT3,GT3,T,T,3,3,3,3,other,other,other,other,home,home,mother,mother,1,1,2,2,0,0,no,False,no,False,yes,True,no,False,yes,True,yes,True,yes,True,yes,True,4,4,1,1,3,3,1,1,2,2,1,1,0,0,15,15,15,15,15,15
367,MS,MS,F,F,18,18,U,U,GT3,GT3,T,T,3,3,3,3,services,services,services,services,course,course,father,father,1,1,2,2,0,0,no,False,yes,True,no,False,no,False,yes,True,yes,True,no,False,yes,True,5,5,3,3,4,4,1,1,1,1,5,5,0,0,10,10,9,9,9,9
368,MS,MS,F,F,18,18,U,U,GT3,GT3,T,T,3,3,3,3,services,services,services,services,other,other,mother,mother,2,2,2,2,0,0,no,False,yes,True,no,False,no,False,yes,True,yes,True,yes,True,yes,True,4,4,3,3,2,2,1,1,3,3,3,3,0,0,11,11,11,11,10,10
369,MS,MS,F,F,18,18,U,U,LE3,LE3,T,T,1,1,1,1,at_home,at_home,services,services,course,course,father,father,2,2,3,3,0,0,no,False,no,False,no,False,no,False,yes,True,yes,True,yes,True,no,False,5,5,3,3,2,2,1,1,1,1,4,4,0,0,18,18,16,16,16,16
370,MS,MS,F,F,18,18,U,U,LE3,LE3,T,T,3,3,1,1,teacher,teacher,services,services,course,course,mother,mother,1,1,2,2,0,0,no,False,yes,True,yes,True,no,False,yes,True,yes,True,yes,True,no,False,4,4,3,3,4,4,1,1,1,1,1,1,0,0,7,7,9,9,8,8
371,MS,MS,F,F,19,19,R,R,GT3,GT3,T,T,2,2,3,3,services,services,other,other,course,course,mother,mother,1,1,3,3,1,1,no,False,no,False,no,False,yes,True,no,False,yes,True,yes,True,no,False,5,5,4,4,2,2,1,1,2,2,5,5,0,0,7,7,5,5,0,0
372,MS,MS,F,F,19,19,U,U,LE3,LE3,T,T,3,3,2,2,services,services,services,services,home,home,other,other,2,2,2,2,2,2,no,False,no,False,no,False,yes,True,yes,True,yes,True,no,False,yes,True,3,3,2,2,2,2,1,1,1,1,3,3,4,4,7,7,7,7,9,9
373,MS,MS,F,F,20,20,U,U,GT3,GT3,T,T,4,4,2,2,health,health,other,other,course,course,other,other,2,2,3,3,2,2,no,False,yes,True,yes,True,no,False,no,False,yes,True,yes,True,yes,True,5,5,4,4,3,3,1,1,1,1,3,3,4,4,15,15,14,14,15,15
374,MS,MS,M,M,17,17,R,R,GT3,GT3,T,T,4,4,3,3,services,services,other,other,home,home,mother,mother,2,2,2,2,0,0,no,False,yes,True,yes,True,yes,True,no,False,yes,True,yes,True,yes,True,4,4,5,5,5,5,1,1,3,3,2,2,4,4,13,13,11,11,11,11
375,MS,MS,M,M,17,17,U,U,GT3,GT3,T,T,2,2,3,3,other,other,services,services,home,home,father,father,2,2,2,2,0,0,no,False,no,False,no,False,yes,True,yes,True,yes,True,yes,True,no,False,4,4,4,4,3,3,1,1,1,1,3,3,2,2,11,11,11,11,10,10
376,MS,MS,M,M,17,17,U,U,GT3,GT3,T,T,3,3,3,3,health,health,other,other,course,course,mother,mother,2,2,2,2,0,0,no,False,yes,True,yes,True,no,False,yes,True,yes,True,yes,True,no,False,4,4,5,5,4,4,2,2,3,3,3,3,2,2,13,13,13,13,13,13
377,MS,MS,M,M,17,17,U,U,LE3,LE3,T,T,3,3,1,1,services,services,services,services,course,course,mother,mother,2,2,1,1,0,0,no,False,no,False,no,False,no,False,no,False,yes,True,yes,True,no,False,2,2,4,4,5,5,3,3,4,4,2,2,3,3,14,14,16,16,16,16
378,MS,MS,M,M,18,18,R,R,GT3,GT3,T,T,1,1,3,3,at_home,at_home,other,other,course,course,mother,mother,2,2,2,2,0,0,no,False,yes,True,yes,True,no,False,yes,True,yes,True,no,False,no,False,3,3,3,3,4,4,2,2,4,4,3,3,4,4,10,10,10,10,10,10
379,MS,MS,M,M,18,18,R,R,GT3,GT3,T,T,2,2,1,1,other,other,other,other,other,other,mother,mother,2,2,1,1,0,0,no,False,no,False,no,False,yes,True,no,False,yes,True,yes,True,yes,True,4,4,4,4,3,3,1,1,3,3,5,5,5,5,7,7,6,6,7,7
380,MS,MS,M,M,18,18,R,R,GT3,GT3,T,T,3,3,2,2,other,other,other,other,course,course,mother,mother,2,2,1,1,1,1,no,False,yes,True,no,False,no,False,no,False,yes,True,yes,True,no,False,2,2,5,5,5,5,5,5,5,5,5,5,10,10,11,11,13,13,13,13
381,MS,MS,M,M,18,18,R,R,GT3,GT3,T,T,4,4,2,2,other,other,other,other,home,home,father,father,2,2,1,1,1,1,no,False,no,False,yes,True,no,False,yes,True,yes,True,no,False,no,False,5,5,4,4,3,3,4,4,3,3,3,3,14,14,6,6,5,5,5,5
382,MS,MS,M,M,18,18,R,R,LE3,LE3,T,T,1,1,1,1,at_home,at_home,other,other,other,other,mother,mother,2,2,2,2,1,1,no,False,no,False,no,False,yes,True,no,False,no,False,no,False,no,False,4,4,4,4,3,3,2,2,3,3,5,5,2,2,13,13,12,12,12,12
383,MS,MS,M,M,18,18,R,R,LE3,LE3,T,T,1,1,2,2,at_home,at_home,services,services,other,other,father,father,3,3,1,1,0,0,no,False,yes,True,yes,True,yes,True,yes,True,no,False,yes,True,yes,True,4,4,3,3,3,3,2,2,3,3,3,3,3,3,14,14,12,12,12,12
384,MS,MS,M,M,18,18,R,R,LE3,LE3,T,T,3,3,2,2,services,services,other,other,course,course,mother,mother,3,3,1,1,0,0,no,False,no,False,no,False,no,False,no,False,yes,True,yes,True,no,False,4,4,4,4,1,1,3,3,4,4,5,5,0,0,11,11,12,12,10,10
385,MS,MS,M,M,18,18,U,U,GT3,GT3,T,T,4,4,4,4,teacher,teacher,teacher,teacher,home,home,father,father,1,1,2,2,0,0,no,False,no,False,yes,True,yes,True,no,False,yes,True,yes,True,no,False,3,3,2,2,4,4,1,1,4,4,2,2,4,4,15,15,14,14,14,14
386,MS,MS,M,M,18,18,U,U,LE3,LE3,T,T,1,1,1,1,other,other,services,services,home,home,father,father,2,2,1,1,0,0,no,False,no,False,no,False,no,False,no,False,yes,True,yes,True,yes,True,3,3,3,3,2,2,1,1,2,2,3,3,4,4,10,10,10,10,10,10
387,MS,MS,M,M,18,18,U,U,LE3,LE3,T,T,1,1,3,3,at_home,at_home,services,services,course,course,mother,mother,1,1,1,1,1,1,no,False,no,False,no,False,no,False,yes,True,no,False,yes,True,yes,True,4,4,3,3,3,3,2,2,3,3,3,3,7,7,8,8,7,7,8,8
388,MS,MS,M,M,18,18,U,U,LE3,LE3,T,T,4,4,4,4,teacher,teacher,services,services,other,other,mother,mother,2,2,3,3,0,0,no,False,no,False,yes,True,no,False,yes,True,yes,True,yes,True,yes,True,4,4,2,2,2,2,2,2,2,2,5,5,0,0,13,13,13,13,13,13
389,MS,MS,M,M,19,19,R,R,GT3,GT3,T,T,1,1,1,1,other,other,other,other,home,home,other,other,3,3,1,1,1,1,no,False,yes,True,no,False,no,False,yes,True,yes,True,yes,True,no,False,4,4,4,4,4,4,3,3,3,3,5,5,4,4,8,8,8,8,8,8
390,MS,MS,M,M,19,19,R,R,GT3,GT3,T,T,1,1,1,1,other,other,services,services,home,home,other,other,3,3,2,2,3,3,no,False,no,False,no,False,no,False,yes,True,yes,True,yes,True,no,False,5,5,4,4,4,4,3,3,3,3,2,2,8,8,8,8,7,7,8,8
391,MS,MS,M,M,19,19,R,R,GT3,GT3,T,T,1,1,1,1,other,other,services,services,other,other,mother,mother,2,2,1,1,1,1,no,False,no,False,no,False,no,False,yes,True,yes,True,no,False,no,False,4,4,3,3,2,2,1,1,3,3,5,5,0,0,6,6,5,5,0,0
392,MS,MS,M,M,19,19,U,U,LE3,LE3,T,T,1,1,1,1,other,other,at_home,at_home,course,course,father,father,1,1,1,1,0,0,no,False,no,False,no,False,no,False,yes,True,yes,True,yes,True,no,False,3,3,2,2,3,3,3,3,3,3,5,5,5,5,8,8,9,9,9,9
393,MS,MS,M,M,20,20,U,U,LE3,LE3,A,A,2,2,2,2,services,services,services,services,course,course,other,other,1,1,2,2,2,2,no,False,yes,True,yes,True,no,False,yes,True,yes,True,no,False,no,False,5,5,5,5,4,4,4,4,5,5,4,4,11,11,9,9,9,9,9,9
394,MS,MS,M,M,21,21,R,R,GT3,GT3,T,T,1,1,1,1,other,other,other,other,course,course,other,other,1,1,1,1,3,3,no,False,no,False,no,False,no,False,no,False,yes,True,no,False,no,False,5,5,5,5,3,3,3,3,3,3,3,3,3,3,10,10,8,8,7,7
